"","Forsikringssum"
"1",2.68374816983895
"2",3.09370424597365
"3",2.73258125915081
"4",2.77975402635432
"5",5.61200585651537
"6",9.72527379209371
"7",8.89897510980966
"8",3.20804538799414
"9",2.48609077598829
"10",3.79617130307467
"11",8.32064421669107
"12",4.36749633967789
"13",2.46412884333821
"14",2.72222254758419
"15",12.3748169838946
"16",3.48273938506589
"17",27.2146412884334
"18",3.00243045387994
"19",5.53001464128843
"20",2.84175256222548
"21",4.80673499267936
"22",15.1220761346999
"23",6.4242532942899
"24",12.7130307467057
"25",2.51537335285505
"26",3.53858857979502
"27",3.0497803806735
"28",13.4655929721816
"29",2.73544509516837
"30",2.68374816983895
"31",4.32385212298682
"32",2.82102489019034
"33",3.41581259150805
"34",2.46412884333821
"35",6.8759019033675
"36",2.792439238653
"37",4.33821376281113
"38",2.58448755490483
"39",2.93132064421669
"40",3.0497803806735
"41",2.57375841874085
"42",2.75695461200586
"43",5.9311859443631
"44",6.41727672035139
"45",2.53733528550512
"46",18.5695461200586
"47",2.69112298682284
"48",2.58161200585652
"49",2.46711566617862
"50",3.0497803806735
"51",2.92871156661786
"52",4.26315373352855
"53",2.70424597364568
"54",3.07460761346999
"55",4.29428989751098
"56",2.83997510980966
"57",8.32064421669107
"58",8.32064421669107
"59",2.57621522693997
"60",5.8560980966325
"61",2.54227525622255
"62",14.6207906295754
"63",2.75695461200586
"64",2.6398243045388
"65",3.03637774524158
"66",22.9619326500732
"67",2.79902635431918
"68",3.45241581259151
"69",3.66910688140556
"70",3.02414641288433
"71",2.72474377745242
"72",2.64386383601757
"73",2.96193265007321
"74",5.62664714494876
"75",2.46412884333821
"76",4.96325036603221
"77",6.56385212298682
"78",5.39238653001464
"79",4.64031332357247
"80",2.67789165446559
"81",2.44948755490483
"82",264.250366032211
"83",3.50073206442167
"84",2.82576866764275
"85",10.8828696925329
"86",3.14661786237189
"87",3.87025915080527
"88",7.31991361639824
"89",3.12346120058565
"90",3.92386530014641
"91",3.03637628111274
"92",2.73645680819912
"93",3.0497803806735
"94",2.90336749633968
"95",2.61054172767204
"96",2.71742313323572
"97",4.12943777452416
"98",3.05195754026354
"99",2.96751830161054
"100",3.10248901903367
"101",4.25915080527086
"102",2.99853587115666
"103",6.41727672035139
"104",3.81983601756955
"105",4.69708345534407
"106",3.04538799414348
"107",3.67935578330893
"108",4.42622401171303
"109",2.58857979502196
"110",5.26287115666179
"111",2.75585944363104
"112",2.98700585651537
"113",2.66192532942899
"114",8.61346998535871
"115",2.794878477306
"116",7.67481698389458
"117",3.18594436310395
"118",4.85505124450952
"119",4.22108345534407
"120",3.12298682284041
"121",2.76029136163982
"122",3.04165300146413
"123",4.75593850658858
"124",3.24211127379209
"125",2.72111273792094
"126",2.46412884333821
"127",5.71189165446559
"128",3.1538243045388
"129",4.87481259150805
"130",20.0702781844802
"131",2.88726207906296
"132",2.46412884333821
"133",2.53616398243045
"134",3.56006588579795
"135",3.79970717423133
"136",3.01317715959004
"137",2.46412884333821
"138",7.32503660322108
"139",2.56730014641288
"140",3.19619326500732
"141",3.33528550512445
"142",3.11566617862372
"143",2.46954465592972
"144",6.40263543191801
"145",6.31478770131772
"146",3.87262079062958
"147",3.78184480234261
"148",3.57682137628111
"149",4.10102489019034
"150",2.46412884333821
"151",3.0497803806735
"152",2.96193265007321
"153",2.46412884333821
"154",3.63543191800878
"155",2.46412884333821
"156",6.85651537335286
"157",4.29428989751098
"158",3.52085651537335
"159",20.4729136163982
"160",2.83546266471449
"161",3.0497803806735
"162",3.78330893118594
"163",3.78184480234261
"164",2.75695461200586
"165",3.84040995607613
"166",3.33089311859444
"167",2.7562254259502
"168",2.31454783748362
"169",3.40397116644823
"170",7.91563040629096
"171",2.49187680209699
"172",2.53239580602883
"173",2.87386107470511
"174",2.81520314547837
"175",9.25688073394495
"176",2.41020445609436
"177",3.206625163827
"178",35.1415465268676
"179",3.44331061598951
"180",4.59436959370904
"181",3.37221494102228
"182",4.6697247706422
"183",7.88845347313237
"184",2.80209698558322
"185",2.44167758846658
"186",10.1743119266055
"187",3.09698558322412
"188",3.81454783748362
"189",2.68490301441678
"190",3.09960681520315
"191",3.62123197903014
"192",2.37614678899083
"193",2.66448230668414
"194",3.35910878112713
"195",5.1364875491481
"196",2.39439580602883
"197",2.80209698558322
"198",2.81913499344692
"199",2.51376146788991
"200",4.08077326343381
"201",21.9698558322412
"202",5.19397116644823
"203",2.86164351245085
"204",3.49672346002621
"205",3.21378112712975
"206",6.24246395806029
"207",2.32225425950197
"208",9.55176933158585
"209",2.96592398427261
"210",13.8951507208388
"211",2.78899082568807
"212",3.17682699868938
"213",9.77762778505898
"214",2.81520314547837
"215",2.68314023591088
"216",4.6435124508519
"217",2.61336828309305
"218",2.46788990825688
"219",2.40560419397117
"220",4.12080340760157
"221",2.59818086500655
"222",4.80078636959371
"223",2.51008912188729
"224",2.57273918741809
"225",2.83005242463958
"226",3.62123197903014
"227",3.80648099606815
"228",2.35779816513761
"229",2.61861074705111
"230",2.96592398427261
"231",4.02228047182176
"232",57.2254259501966
"233",5.98034076015727
"234",2.9871625163827
"235",2.96592398427261
"236",3.71129226736566
"237",2.90039318479685
"238",2.72346002621232
"239",2.57273918741809
"240",2.70380078636959
"241",4.01965923984273
"242",2.8348623853211
"243",2.41939711664482
"244",5.39056356487549
"245",8.86369593709043
"246",2.57273918741809
"247",2.33661336828309
"248",2.70380078636959
"249",3.63562254259502
"250",2.86471821756225
"251",2.45775491480996
"252",8.55832241153342
"253",3.03139711664482
"254",2.34993446920052
"255",2.4748623853211
"256",6.11140235910878
"257",6.24246395806029
"258",2.44167758846658
"259",4.93613892529489
"260",5.06290956749672
"261",2.37614678899083
"262",2.68414154652687
"263",2.44061992136304
"264",2.36454914809961
"265",2.57273918741809
"266",3.18542201834862
"267",4.28134600262123
"268",2.36310091743119
"269",3.12319790301442
"270",3.63433813892529
"271",3.09829619921363
"272",4.43435255570118
"273",2.47879554390564
"274",3.62123197903014
"275",4.00131061598951
"276",2.42973394495413
"277",11.2228047182176
"278",3.57939580602883
"279",2.75535910878113
"280",2.47340498034076
"281",2.95281782437746
"282",2.77986893840105
"283",2.9868623853211
"284",2.93971166448231
"285",2.6759003931848
"286",2.57273918741809
"287",3.52490170380079
"288",15.6788990825688
"289",4.03407601572739
"290",2.97903014416776
"291",6.93775884665793
"292",2.44167758846658
"293",3.62123197903014
"294",3.03800786369594
"295",4.75491480996068
"296",3.43774574049803
"297",2.70203145478375
"298",8.10987024901704
"299",3.01965923984273
"300",2.85049017038008
"301",2.4159501965924
"302",8.69331585845347
"303",4.01441677588467
"304",3.35910878112713
"305",2.59231585845347
"306",2.38925294888598
"307",2.33296854521625
"308",2.42332896461337
"309",3.97757142857143
"310",2.38735517693316
"311",2.40498034076016
"312",3.62123197903014
"313",5.27916120576671
"314",2.60550458715596
"315",3.01179554390564
"316",3.26736566186107
"317",2.4646500655308
"318",4.37406553079948
"319",2.4907994757536
"320",3.09698558322412
"321",2.57016644823067
"322",2.37614678899083
"323",4.14547837483617
"324",9.45373525557012
"325",4.03328309305373
"326",3.06422018348624
"327",7.42201834862385
"328",2.8987876802097
"329",2.49017038007864
"330",51.0655307994758
"331",2.55963302752294
"332",2.96592398427261
"333",2.80005242463958
"334",3.42463958060288
"335",2.31061598951507
"336",2.61205766710354
"337",5.22116527942925
"338",2.26040428061831
"339",2.40369322235434
"340",2.29726516052319
"341",2.92749227110583
"342",2.91545778834721
"343",2.207451843044
"344",6.69858263971463
"345",2.90249702734839
"346",2.18913436385256
"347",11.1780237812128
"348",2.60207966706302
"349",5.16171224732461
"350",3.36304994054697
"351",2.96504399524376
"352",2.94598216409037
"353",3.85374554102259
"354",2.20243995243757
"355",11.820451843044
"356",2.58876337693222
"357",3.09634958382878
"358",6.46967895362664
"359",2.89298454221165
"360",3.0332936979786
"361",2.60523186682521
"362",2.40309155766944
"363",2.19500594530321
"364",4.2461355529132
"365",2.26312247324614
"366",3.97265160523187
"367",2.20495005945303
"368",2.88127348394768
"369",2.78359096313912
"370",4.92390011890606
"371",2.90249702734839
"372",2.66468489892985
"373",5.45282520808561
"374",2.32362068965517
"375",2.60523186682521
"376",25.9702734839477
"377",3.73483947681332
"378",2.78359096313912
"379",2.81093935790725
"380",3.1141498216409
"381",2.39120095124851
"382",2.34601664684899
"383",2.5073840665874
"384",2.94048751486326
"385",3.56979785969084
"386",2.58076575505351
"387",2.48751486325803
"388",2.52199762187872
"389",2.69084423305589
"390",2.78359096313912
"391",2.25886563614744
"392",2.57374791914388
"393",2.46730083234245
"394",3.71370511296076
"395",3.73602853745541
"396",2.45659928656361
"397",3.13743162901308
"398",3.4790903686088
"399",3.37812128418549
"400",5.63733650416171
"401",2.18906064209275
"402",2.54577883472057
"403",3.34244946492271
"404",3.33769322235434
"405",2.39714625445898
"406",5.22116527942925
"407",2.63995243757432
"408",2.21878715814507
"409",4.68608799048751
"410",3.49702734839477
"411",3.49702734839477
"412",6.23186682520809
"413",2.30796670630202
"414",2.26812485136742
"415",3.16527942925089
"416",5.64019262782402
"417",3.97265160523187
"418",2.66468489892985
"419",2.18906064209275
"420",12.8906064209275
"421",3.86563614744352
"422",2.24436741973841
"423",2.72413793103448
"424",6.69560047562426
"425",2.35956956004756
"426",8.07491082045184
"427",2.40347562425684
"428",2.40241854934602
"429",2.31985731272295
"430",5.32058858501784
"431",2.84304399524376
"432",2.41498216409037
"433",2.48632580261593
"434",5.94603210463734
"435",2.91319857312723
"436",21.0499405469679
"437",2.43650772889417
"438",6.5077288941736
"439",4.21046373365042
"440",2.39932818073722
"441",6.00173483947681
"442",4.44827586206897
"443",4.55648038049941
"444",2.35756837098692
"445",3.1315112960761
"446",2.84188585017836
"447",2.4268727705113
"448",3.41759809750297
"449",2.25215457788347
"450",2.89970273483948
"451",2.55918311533888
"452",2.24925326991677
"453",2.90324137931034
"454",2.60523186682521
"455",3.22965873959572
"456",2.2128418549346
"457",4.44827586206897
"458",2.24326753864447
"459",2.67493103448276
"460",2.35315101070155
"461",2.78754458977408
"462",3.03686087990488
"463",2.97384066587396
"464",2.64090368608799
"465",3.9099322235434
"466",3.55095838287753
"467",2.80737217598098
"468",5.00257788347206
"469",2.4268727705113
"470",3.34311177170036
"471",2.38882282996433
"472",5.17360285374554
"473",2.27853745541023
"474",4.55885850178359
"475",2.2001498216409
"476",2.55123424494649
"477",2.69961950059453
"478",66.7074910820452
"479",28.262594530321
"480",16.9262782401903
"481",2.27949702734839
"482",4.09844114149822
"483",3.94696195005945
"484",2.22473246135553
"485",2.66468489892985
"486",2.3196016646849
"487",2.51659928656361
"488",2.27323067776457
"489",2.66468489892985
"490",2.30796670630202
"491",6.46967895362664
"492",2.24851367419738
"493",2.98682520808561
"494",2.4268727705113
"495",2.4268727705113
"496",3.1640903686088
"497",3.14030915576694
"498",2.30796670630202
"499",2.4983840665874
"500",2.6884661117717
"501",2.83994887039239
"502",5.37574316290131
"503",2.7866920332937
"504",2.65594411414982
"505",2.18906064209275
"506",4.8507598097503
"507",5.16171224732461
"508",3.14030915576694
"509",3.14030915576694
"510",3.61593341260404
"511",5.16171224732461
"512",23.258225921522
"513",3.25921521997622
"514",5.28061831153389
"515",2.30624732461356
"516",6.58858501783591
"517",3.79429250891795
"518",2.44160177975528
"519",2.34964627363737
"520",2.5650723025584
"521",2.11234705228031
"522",3.81016351501669
"523",2.78345272525028
"524",3.12869855394883
"525",5.34927697441602
"526",3.71078976640712
"527",2.13459399332592
"528",3.62368631813126
"529",3.39377085650723
"530",7.23470522803115
"531",2.37819799777531
"532",2.21690767519466
"533",2.16351501668521
"534",3.45940711902113
"535",5.72747497219132
"536",2.55728587319244
"537",2.30700778642937
"538",4.14349276974416
"539",2.19710789766407
"540",2.16796440489433
"541",2.11234705228031
"542",2.7797552836485
"543",2.64740266963293
"544",2.72369187986652
"545",6.56173526140156
"546",2.33481646273637
"547",2.4460511679644
"548",2.33481646273637
"549",2.59065628476085
"550",2.11234705228031
"551",4.03243604004449
"552",4.78642936596218
"553",3.22469410456062
"554",3.44716351501669
"555",11.0111234705228
"556",2.16354727474972
"557",2.11234705228031
"558",4.15286318131257
"559",4.72636262513904
"560",5.44938820912125
"561",3.28126362625139
"562",4.559510567297
"563",5.44938820912125
"564",2.2091212458287
"565",2.15684093437152
"566",3.22469410456062
"567",2.24026696329255
"568",2.15925583982202
"569",2.66852057842047
"570",4.33704115684093
"571",11.0723025583982
"572",3.1412680756396
"573",2.47497219132369
"574",2.11234705228031
"575",2.68965517241379
"576",2.66852057842047
"577",2.61735261401557
"578",2.11234705228031
"579",3.16907675194661
"580",2.49388209121246
"581",2.40823136818687
"582",3.5027808676307
"583",3.25806451612903
"584",4.72636262513904
"585",2.89369966629588
"586",2.70411568409344
"587",3.34285428253615
"588",2.94660734149054
"589",2.27919911012236
"590",2.51069632925473
"591",3.44716351501669
"592",4.67519466073415
"593",3.37824137931034
"594",2.7741935483871
"595",2.51512791991101
"596",3.23470522803115
"597",2.81646273637375
"598",4.44827586206897
"599",5.67185761957731
"600",2.15684093437152
"601",2.22358175750834
"602",5.07892992213571
"603",2.19243604004449
"604",2.20409343715239
"605",3.55839822024472
"606",2.61846496106785
"607",2.82202447163515
"608",2.61056395995551
"609",2.86095661846496
"610",8.99207007786429
"611",2.7853170189099
"612",5.89432703003337
"613",3.52057842046719
"614",2.39488320355951
"615",2.39043381535039
"616",2.29717908787542
"617",4.67074527252503
"618",4.87652947719689
"619",4.587319243604
"620",2.43795439377086
"621",2.17527474972191
"622",2.50166852057842
"623",2.50600333704116
"624",6.92547274749722
"625",13.6318131256952
"626",4.06117908787542
"627",2.43604004449388
"628",3.27919911012236
"629",2.49176640711902
"630",7.91655394883203
"631",2.60422914349277
"632",2.66852057842047
"633",2.15721134593993
"634",2.32035595105673
"635",4.44827586206897
"636",2.97576195773081
"637",2.85650723025584
"638",3.00222469410456
"639",6.30050389321468
"640",5.00444938820912
"641",2.12446829810901
"642",2.54649499443826
"643",3.55839822024472
"644",2.47916573971079
"645",2.25939933259177
"646",4.1979977753059
"647",4.11457174638487
"648",2.31256952169077
"649",6.67296996662959
"650",14.3481646273637
"651",12.4315906562848
"652",5.25917686318131
"653",4.36682647385984
"654",2.11234705228031
"655",2.11234705228031
"656",2.4460511679644
"657",3.07311457174638
"658",2.22358175750834
"659",2.61290322580645
"660",2.31924360400445
"661",2.12903225806452
"662",3.33592880978865
"663",2.72413793103448
"664",12.1234705228031
"665",2.66852057842047
"666",2.55728587319244
"667",2.55728587319244
"668",2.93331145717464
"669",2.72413793103448
"670",2.50166852057842
"671",3.20743455497382
"672",2.04712041884817
"673",2.4253612565445
"674",2.36125654450262
"675",10.3141361256544
"676",2.64489005235602
"677",3.61780104712042
"678",3.54111204188482
"679",2.57068062827225
"680",2.2565445026178
"681",2.4586387434555
"682",2.04712041884817
"683",3.23141361256544
"684",3.19895287958115
"685",6.0261780104712
"686",3.40837696335079
"687",2.6521780104712
"688",2.15183246073298
"689",2.31968376963351
"690",3.70157068062827
"691",3.54450261780105
"692",3.35602094240838
"693",2.2565445026178
"694",2.67539267015707
"695",2.36125654450262
"696",4.87434554973822
"697",2.7696335078534
"698",2.11832460732984
"699",3.20942408376963
"700",2.09842931937173
"701",2.15183246073298
"702",3.9637497382199
"703",12.6230366492147
"704",15.2931937172775
"705",2.28795811518325
"706",2.46596858638743
"707",14.6230366492147
"708",2.12984293193717
"709",3.40314136125654
"710",6.44502617801047
"711",2.0469109947644
"712",2.05916230366492
"713",3.09424083769634
"714",2.85549738219895
"715",2.57068062827225
"716",2.93717277486911
"717",3.20314136125654
"718",3.46073298429319
"719",2.4276167539267
"720",2.73507853403141
"721",5.08376963350785
"722",3.15706806282723
"723",2.46596858638743
"724",2.16858638743456
"725",2.22513089005236
"726",2.15183246073298
"727",4.7696335078534
"728",2.09505235602094
"729",2.20418848167539
"730",3.61780104712042
"731",2.87120418848168
"732",5.3979057591623
"733",5.60732984293194
"734",19.6464837696335
"735",2.04712041884817
"736",2.04712041884817
"737",2.04712041884817
"738",16.8115183246073
"739",2.98952879581152
"740",2.04712041884817
"741",2.2565445026178
"742",2.15183246073298
"743",2.07329842931937
"744",2.19442094240838
"745",2.0643612565445
"746",2.38429319371728
"747",2.13089005235602
"748",2.15183246073298
"749",2.79371727748691
"750",2.1413612565445
"751",2.6329057591623
"752",3.64397905759162
"753",2.28689633507853
"754",5.45026178010471
"755",2.23664921465969
"756",2.95916230366492
"757",2.1910502617801
"758",2.3144335078534
"759",2.98952879581152
"760",2.64957068062827
"761",3.72251308900524
"762",2.13242094240838
"763",2.78010471204188
"764",2.60732984293194
"765",2.20418848167539
"766",2.07329842931937
"767",2.09947643979058
"768",2.40628272251309
"769",2.96544502617801
"770",4.36319057591623
"771",2.57068062827225
"772",2.2565445026178
"773",3.76244083769634
"774",2.06648586387435
"775",2.37795078534031
"776",2.30025340314136
"777",2.31937172774869
"778",4.40314136125654
"779",2.36125654450262
"780",2.17801047120419
"781",5.29319371727749
"782",5.80837696335078
"783",2.09947643979058
"784",3.21989528795812
"785",3.61780104712042
"786",2.43449633507853
"787",2.04712041884817
"788",3.5130890052356
"789",2.62145968586387
"790",20.1623036649215
"791",2.57068062827225
"792",3.30366492146597
"793",2.84555497382199
"794",2.04712041884817
"795",2.98952879581152
"796",3.82722513089005
"797",2.2565445026178
"798",4.97905759162304
"799",2.36125654450262
"800",2.63350785340314
"801",19.848167539267
"802",2.12565445026178
"803",6.3055780104712
"804",2.72774869109948
"805",2.16534240837696
"806",2.15183246073298
"807",2.2565445026178
"808",4.56858638743455
"809",8.23560209424084
"810",2.57068062827225
"811",8.64397905759162
"812",3.12200314136126
"813",3.93193717277487
"814",2.28795811518325
"815",2.06800732984293
"816",2.27561465968586
"817",2.62303664921466
"818",3.67015706806283
"819",2.2565445026178
"820",2.10304816753927
"821",2.20418848167539
"822",2.15183246073298
"823",2.8848167539267
"824",8.53926701570681
"825",2.09947643979058
"826",2.57068062827225
"827",3.67015706806283
"828",2.15183246073298
"829",4.87434554973822
"830",6.0261780104712
"831",2.78010471204188
"832",5.76439790575916
"833",2.15183246073298
"834",2.5
"835",2.251
"836",2.03
"837",2.05
"838",2.9
"839",2.1
"840",2.88175
"841",2.007
"842",2.63
"843",2.025
"844",2.007274
"845",4.5
"846",3.9
"847",3.463137
"848",5.625
"849",2.03
"850",2.4
"851",2.077075
"852",2.32
"853",3.6
"854",2.08
"855",2.517
"856",2.07
"857",3.256823
"858",2.788413
"859",2.278896
"860",5.609074
"861",4.183
"862",2.2
"863",3.743
"864",4
"865",2.008938
"866",2.004084
"867",2.85
"868",2.520994
"869",2.250089
"870",2
"871",2.956
"872",2.05
"873",3.779
"874",23.137567
"875",2.445
"876",2.0051
"877",2
"878",2
"879",17.3
"880",2.11
"881",2.475
"882",2.049873
"883",2.753542
"884",7.143355
"885",2.23
"886",2.939
"887",47.5
"888",2.241472
"889",4.4
"890",2
"891",7.2
"892",2.966237
"893",3.17
"894",2.296
"895",2.555
"896",2.15
"897",2.33
"898",5.124285
"899",2.394239
"900",5.761228
"901",5.868852
"902",5
"903",2.6
"904",8.085
"905",2.765054
"906",7.306654
"907",2.25
"908",2.2
"909",2.226412
"910",7.563
"911",5.17
"912",3.68
"913",2.075
"914",2.932957
"915",2.375
"916",2.25
"917",4.38
"918",2.3801
"919",3.283
"920",3.35
"921",4.15
"922",4.35
"923",5
"924",11.5
"925",3.89
"926",6.5
"927",3.8
"928",2.26
"929",2.1
"930",3.126759
"931",3.2
"932",2.07
"933",10.2
"934",2.5
"935",2.65
"936",13.225
"937",2.4
"938",15.239
"939",2.085
"940",2.05
"941",3.65
"942",3.123
"943",6.2
"944",2.825
"945",2.1
"946",2
"947",3.065
"948",2.2774
"949",2.195
"950",2.2
"951",2.1
"952",2.4
"953",2.585
"954",4.265042
"955",2.2
"956",3.433
"957",2.6
"958",3
"959",5.76
"960",2.165
"961",2.372
"962",2.2
"963",2.65
"964",2.7
"965",2.3
"966",2.1
"967",2.1
"968",2.241012
"969",2.005
"970",4.282
"971",2.05
"972",58.410636
"973",2.088
"974",2.118
"975",3.67
"976",2.0749
"977",3.141
"978",6.85
"979",15.3
"980",2.971
"981",2.7
"982",7.167
"983",2.05
"984",2.156058
"985",4.58215
"986",14.5
"987",2.2015
"988",2.65
"989",2.3776
"990",4.8
"991",2.3255
"992",5.05
"993",7.7
"994",2.16
"995",2.5
"996",2.06
"997",2.491287
"998",2.981813
"999",2.5
"1000",4.21436
"1001",5.1
"1002",2
"1003",11.7
"1004",20.4
"1005",2.605603
"1006",2.132
"1007",3.255
"1008",3.02
"1009",2.231
"1010",5.1
"1011",8.23
"1012",2.85
"1013",2
"1014",3.56
"1015",2.553
"1016",2.7
"1017",2.045472
"1018",2.054
"1019",2
"1020",9.71
"1021",2.5
"1022",2.5
"1023",2.26106
"1024",2.055
"1025",2.282
"1026",2.3
"1027",2.3
"1028",2.422078
"1029",2
"1030",2.2
"1031",2.85
"1032",2.18
"1033",2.043
"1034",2
"1035",2.6
"1036",6.6
"1037",2.8
"1038",3.5
"1039",2.75
"1040",2.45
"1041",2.46094503375121
"1042",2.15718418514947
"1043",2.49575699132112
"1044",6.20732883317261
"1045",4.68370298939248
"1046",2.44648023143684
"1047",2.03865766634523
"1048",2.25361620057859
"1049",2.06075216972035
"1050",2.39826422372228
"1051",2.39826422372228
"1052",3.41080038572806
"1053",2.44185149469624
"1054",2.63934426229508
"1055",2.05062680810029
"1056",2.75506268081003
"1057",5.4840887174542
"1058",2.67791706846673
"1059",2.06075216972035
"1060",2
"1061",4.08293153326905
"1062",2.27772420443587
"1063",2.20732883317261
"1064",2.92864030858245
"1065",2.00289296046287
"1066",2.08968177434908
"1067",2.75812921890068
"1068",2.44648023143684
"1069",2.59112825458052
"1070",2.10896817743491
"1071",2.02310993249759
"1072",3.00096432015429
"1073",2.31431051108968
"1074",3.06846673095468
"1075",4.08582449373192
"1076",7.79845708775313
"1077",2.63934426229508
"1078",2.63934426229508
"1079",2.22950819672131
"1080",2.7357762777242
"1081",3.82341658630665
"1082",3.50723240115718
"1083",2.86673963355834
"1084",5.43587270973963
"1085",2.92864030858245
"1086",2.06075216972035
"1087",2.74146576663452
"1088",4.08582449373192
"1089",13.0540019286403
"1090",2.15718418514947
"1091",3.41080038572806
"1092",2.55834136933462
"1093",2.35004821600771
"1094",4.18225650916104
"1095",2.90066345226615
"1096",3.31436837029894
"1097",4.70781099324976
"1098",4.20636451301832
"1099",2.06075216972035
"1100",2.44648023143684
"1101",2.15718418514947
"1102",6.20732883317261
"1103",4.66441658630665
"1104",2.65922854387657
"1105",3.50723240115718
"1106",4.19189971070395
"1107",17.4416586306654
"1108",2.08293153326905
"1109",3.41080038572806
"1110",4.66924783027965
"1111",2.18129218900675
"1112",30.0260366441659
"1113",5.91803278688525
"1114",2.14850530376085
"1115",2.54291224686596
"1116",2.56702025072324
"1117",2.25361620057859
"1118",2.54291224686596
"1119",2.83220829315333
"1120",2.66345226615236
"1121",2.27772420443587
"1122",3.44358919961427
"1123",3.89296046287367
"1124",4.13404050144648
"1125",3.60366441658631
"1126",4.78977820636451
"1127",2.90260366441659
"1128",4.7704387656702
"1129",2.16682738669238
"1130",2.18900675024108
"1131",2.32111861137898
"1132",2.7357762777242
"1133",13.5361620057859
"1134",2.32111861137898
"1135",2.15718418514947
"1136",6.78592092574735
"1137",2.83220829315333
"1138",2.38897974927676
"1139",2.20540019286403
"1140",2.10896817743491
"1141",2.72935776277724
"1142",2.63934426229508
"1143",2.08764802314368
"1144",2.54291224686596
"1145",2.43201542912247
"1146",3.16972034715526
"1147",6.40019286403086
"1148",6.78592092574735
"1149",2.35004821600771
"1150",7.07521697203472
"1151",19.3220829315333
"1152",2.15718418514947
"1153",2.59112825458052
"1154",2.92864030858245
"1155",2.44648023143684
"1156",2.67791706846673
"1157",2.15718418514947
"1158",2.01099807135969
"1159",3.84474445515911
"1160",2.7357762777242
"1161",2.15043394406943
"1162",3.50723240115718
"1163",3.89296046287367
"1164",3.09739633558341
"1165",3.08649951783992
"1166",2.44648023143684
"1167",3.15028929604629
"1168",2.12209257473481
"1169",2.65863066538091
"1170",2.69720347155256
"1171",2.59112825458052
"1172",6.78592092574735
"1173",2.05593056894889
"1174",2.44648023143684
"1175",3.89296046287367
"1176",2.15718418514947
"1177",2.1205400192864
"1178",2.15718418514947
"1179",2.20337512054002
"1180",6.5930568948891
"1181",2.43297974927676
"1182",2.26432015429122
"1183",2.39922854387657
"1184",2.14770395371263
"1185",2.23823432979749
"1186",2.75988428158149
"1187",2.54291224686596
"1188",3.12150433944069
"1189",2.54291224686596
"1190",2.25361620057859
"1191",2.92864030858245
"1192",2.33076181292189
"1193",2.92864030858245
"1194",2.10896817743491
"1195",3.02507232401157
"1196",9.67888138862102
"1197",3.21793635486982
"1198",2.30183220829315
"1199",2.12389681774349
"1200",2.72757955641273
"1201",2.374156219865
"1202",2.00695756991321
"1203",9.10028929604629
"1204",2.00289296046287
"1205",2.17164898746384
"1206",11.2700096432015
"1207",2.27139537126326
"1208",3.89296046287367
"1209",4.34523240115718
"1210",2.06075216972035
"1211",3.89296046287367
"1212",2.12150433944069
"1213",2.69720347155256
"1214",2.71648987463838
"1215",2.10241080038573
"1216",18.0684667309547
"1217",3.60366441658631
"1218",2.25361620057859
"1219",4.56798457087753
"1220",2.4946962391514
"1221",2.63934426229508
"1222",2.72227579556413
"1223",3.35101253616201
"1224",2.68756027000964
"1225",2.47058823529412
"1226",3.31436837029894
"1227",2.25361620057859
"1228",2.14442912246866
"1229",2.20540019286403
"1230",3.60270009643202
"1231",3.94179363548698
"1232",3.18129218900675
"1233",2.44648023143684
"1234",5.82160077145612
"1235",4.83799421407907
"1236",2.35004821600771
"1237",2.54291224686596
"1238",2.15718418514947
"1239",2.92864030858245
"1240",3.2420443587271
"1241",2.2632594021215
"1242",2.01253616200579
"1243",2.92864030858245
"1244",2.13789778206365
"1245",2.03760848601736
"1246",2.25361620057859
"1247",3.18756027000964
"1248",5.76729508196721
"1249",2.54291224686596
"1250",2.06075216972035
"1251",3.75216972034716
"1252",4.18225650916104
"1253",2.44648023143684
"1254",2.92864030858245
"1255",2.59112825458052
"1256",4.08582449373192
"1257",5.09836065573771
"1258",2.88042430086789
"1259",3.41080038572806
"1260",2.01253616200579
"1261",2.92864030858245
"1262",2.06075216972035
"1263",2.63934426229508
"1264",2.12825458052073
"1265",2.44648023143684
"1266",2.44648023143684
"1267",3.89296046287367
"1268",2.38862102217936
"1269",2.63934426229508
"1270",3.0221793635487
"1271",2.70515911282546
"1272",2.05110896817744
"1273",18.7434908389585
"1274",2.15718418514947
"1275",4.8572806171649
"1276",2.70515911282546
"1277",2.35004821600771
"1278",6.49662487945998
"1279",2.02319109461967
"1280",2.30426716141002
"1281",2.06679035250464
"1282",2.80890538033395
"1283",4.24675324675325
"1284",2.41743970315399
"1285",3.49072356215213
"1286",2.01113172541744
"1287",3.97124304267161
"1288",4.00463821892393
"1289",2.42022263450835
"1290",3.23376623376623
"1291",2.39795918367347
"1292",3.31910946196661
"1293",3.85250463821892
"1294",2.99443413729128
"1295",2.74211502782931
"1296",2.64656771799629
"1297",3.97309833024119
"1298",2.11317254174397
"1299",2.48423005565863
"1300",2.11317254174397
"1301",2.14935064935065
"1302",4.18460111317254
"1303",3.22634508348794
"1304",4.8961038961039
"1305",2.43784786641929
"1306",3.3682745825603
"1307",2.02133580705009
"1308",2.02040816326531
"1309",3.73654916512059
"1310",24.2838589981447
"1311",2.39146567717996
"1312",2.39146567717996
"1313",3.04081632653061
"1314",2.02040816326531
"1315",3.1530612244898
"1316",2.06679035250464
"1317",2.39146567717996
"1318",2.45918367346939
"1319",5.99072356215213
"1320",2.05751391465677
"1321",5.12801484230056
"1322",2.07699443413729
"1323",2.50278293135436
"1324",2.02133580705009
"1325",5.5
"1326",4.10760667903525
"1327",3.25417439703154
"1328",2.75788497217069
"1329",2.39888682745826
"1330",2.25231910946197
"1331",5.49814471243043
"1332",3.41187384044527
"1333",3.10575139146568
"1334",4.18831168831169
"1335",4.68460111317254
"1336",2.57699443413729
"1337",2.65120593692022
"1338",3.52319109461967
"1339",2.66975881261596
"1340",2.90445269016698
"1341",2.85528756957328
"1342",2.62337662337662
"1343",2.85528756957328
"1344",3.31910946196661
"1345",2.43784786641929
"1346",4.03803339517625
"1347",2.2569573283859
"1348",2.24489795918367
"1349",4.8961038961039
"1350",2.11317254174397
"1351",2.28014842300557
"1352",7.58627087198516
"1353",2.08534322820037
"1354",2.60667903525046
"1355",2.2987012987013
"1356",2.76252319109462
"1357",2.11317254174397
"1358",2.25046382189239
"1359",2.23562152133581
"1360",2.11317254174397
"1361",5.82374768089054
"1362",3.42578849721707
"1363",4.14749536178108
"1364",2.61873840445269
"1365",2.52133580705009
"1366",2.85528756957328
"1367",8.14285714285714
"1368",2.21706864564007
"1369",2.11317254174397
"1370",2.57699443413729
"1371",2.62337662337662
"1372",2.76252319109462
"1373",2.39146567717996
"1374",2.1595547309833
"1375",12.1317254174397
"1376",2.11317254174397
"1377",2.85528756957328
"1378",2.66975881261596
"1379",13.5231910946197
"1380",3.04081632653061
"1381",6.75139146567718
"1382",6.56586270871985
"1383",6.75139146567718
"1384",2.11317254174397
"1385",5.17439703153989
"1386",9.8126159554731
"1387",4.78014842300557
"1388",33.4675324675325
"1389",3.08719851576994
"1390",4.29313543599258
"1391",4.33951762523191
"1392",2.39053803339518
"1393",2.62337662337662
"1394",5.45269016697588
"1395",2.05380333951763
"1396",2.39146567717996
"1397",2.39146567717996
"1398",2.66975881261596
"1399",2.69016697588126
"1400",2.31725417439703
"1401",5.40630797773655
"1402",2.39146567717996
"1403",3.13358070500928
"1404",2.20593692022263
"1405",2.36363636363636
"1406",3.39795918367347
"1407",4.24675324675325
"1408",2.069573283859
"1409",3.87569573283859
"1410",2.02040816326531
"1411",2.11317254174397
"1412",2.81632653061224
"1413",2.35621521335807
"1414",2.48423005565863
"1415",3.78293135435993
"1416",2.61410018552876
"1417",30.0371057513915
"1418",19.5528756957328
"1419",3.50463821892393
"1420",4.06122448979592
"1421",2.16419294990724
"1422",2.11317254174397
"1423",2.36363636363636
"1424",2.0760667903525
"1425",2.51205936920223
"1426",2.84786641929499
"1427",17.8831168831169
"1428",2.39146567717996
"1429",2.90166975881262
"1430",2.44897959183673
"1431",2.76808905380334
"1432",2.02040816326531
"1433",2.57977736549165
"1434",2.20593692022263
"1435",2.51669758812616
"1436",2.02040816326531
"1437",2.85528756957328
"1438",2.20593692022263
"1439",2.02040816326531
"1440",2.22448979591837
"1441",2.00463821892393
"1442",8.79220779220779
"1443",2.34972170686456
"1444",28.8293135435993
"1445",5.17439703153989
"1446",6.89981447124304
"1447",2.00649350649351
"1448",2.50742115027829
"1449",2.20593692022263
"1450",2.11317254174397
"1451",13.0593692022263
"1452",3.31910946196661
"1453",4.33951762523191
"1454",2.1595547309833
"1455",3.37291280148423
"1456",2.09647495361781
"1457",2.10482374768089
"1458",2.25231910946197
"1459",4.65027829313544
"1460",2.39146567717996
"1461",2.2987012987013
"1462",7.30797773654916
"1463",10.4619666048238
"1464",3.87569573283859
"1465",2.68367346938776
"1466",4.48144712430427
"1467",8.60667903525046
"1468",2.39146567717996
"1469",4.8961038961039
"1470",2.1252319109462
"1471",12.595547309833
"1472",4.07699443413729
"1473",3.11502782931354
"1474",2.85528756957328
"1475",2.7569573283859
"1476",2.48423005565863
"1477",4.06122448979592
"1478",2.57699443413729
"1479",2.73469387755102
"1480",2.76252319109462
"1481",2.28942486085343
"1482",2.46846011131725
"1483",6.19480519480519
"1484",2.94805194805195
"1485",5.11873840445269
"1486",5.96289424860853
"1487",6.10204081632653
"1488",2.34508348794063
"1489",2.07513914656772
"1490",8.10111317254174
"1491",3.07050092764378
"1492",3.41187384044527
"1493",2.23747680890538
"1494",3.04081632653061
"1495",2.2987012987013
"1496",3.89424860853432
"1497",2.06679035250464
"1498",2.39146567717996
"1499",2.53061224489796
"1500",2.04823747680891
"1501",2.17810760667904
"1502",2.34508348794063
"1503",3.04081632653061
"1504",2.66975881261596
"1505",2.61845607808341
"1506",2.02750665483585
"1507",17.4152617568767
"1508",2.50842945874002
"1509",2.68589174800355
"1510",2.33096716947649
"1511",3.30700976042591
"1512",2.92014196983141
"1513",4.77107364685004
"1514",2.15350488021295
"1515",6.09405501330967
"1516",3.95652173913043
"1517",2.79858030168589
"1518",2.5527950310559
"1519",2.33096716947649
"1520",2.88731144631766
"1521",2.77462289263531
"1522",2.33096716947649
"1523",7.01597160603372
"1524",4.26175687666371
"1525",2.16681455190772
"1526",3.52085181898846
"1527",2.29370008873114
"1528",19.4241348713398
"1529",2.06477373558119
"1530",2.95563442768412
"1531",3.04081632653061
"1532",8.98580301685892
"1533",4.49689440993789
"1534",7.51109139307897
"1535",2.25998225377107
"1536",2.85359361135759
"1537",2.5527950310559
"1538",2.26708074534161
"1539",3.12954747116238
"1540",3.70629991126886
"1541",2.5527950310559
"1542",2.33096716947649
"1543",2.46761313220941
"1544",3.30700976042591
"1545",2.90771960958296
"1546",2.24223602484472
"1547",2.2111801242236
"1548",2.99645075421473
"1549",39.1543921916593
"1550",3.12954747116238
"1551",3.48447204968944
"1552",2.69032830523514
"1553",2.76574977817214
"1554",2.53859804791482
"1555",2.68589174800355
"1556",2.24223602484472
"1557",2.33096716947649
"1558",2.98225377107365
"1559",2.86335403726708
"1560",2.88553682342502
"1561",6.21029281277728
"1562",2.15350488021295
"1563",2.7888198757764
"1564",6.76752440106477
"1565",2.33096716947649
"1566",7.83229813664596
"1567",2.3620230700976
"1568",4.54924578527063
"1569",2.37533274179237
"1570",3.30700976042591
"1571",3.66193433895297
"1572",8.54214729370009
"1573",6.68145519077196
"1574",10.2280390417036
"1575",2.08074534161491
"1576",2.61224489795918
"1577",2.24223602484472
"1578",2.3566992014197
"1579",2.50842945874002
"1580",3.30700976042591
"1581",2.37533274179237
"1582",2.5527950310559
"1583",28.338065661047
"1584",2.23779946761313
"1585",2.19254658385093
"1586",2.27772848269743
"1587",2.33096716947649
"1588",8.54214729370009
"1589",3.22360248447205
"1590",2.15350488021295
"1591",2.78793256433008
"1592",2.43744454303461
"1593",7.14019520851819
"1594",2.61668145519077
"1595",3.09405501330967
"1596",12.8012422360248
"1597",3.97249334516415
"1598",2.95208518189885
"1599",3.48802129547471
"1600",4.99290150842946
"1601",3.22271517302573
"1602",26.2883762200532
"1603",3.44010647737356
"1604",4.72670807453416
"1605",4.75244010647737
"1606",2.64152617568767
"1607",2.24223602484472
"1608",2.24223602484472
"1609",5.43655723158829
"1610",2.06477373558119
"1611",2.19787045252884
"1612",3.39574090505768
"1613",11.2040816326531
"1614",2.77462289263531
"1615",3.32031943212067
"1616",3.30700976042591
"1617",2.08784383318545
"1618",2.14285714285714
"1619",2.15350488021295
"1620",2.86690328305235
"1621",3.48447204968944
"1622",3.57320319432121
"1623",2.12156166814552
"1624",6.98935226264419
"1625",3.50931677018634
"1626",2.32830523513753
"1627",2.0452528837622
"1628",2.38775510204082
"1629",2.15350488021295
"1630",2.2866015971606
"1631",2.04702750665484
"1632",5.61401952085182
"1633",21.452528837622
"1634",3.21827861579414
"1635",6.32386867790594
"1636",2.21650399290151
"1637",8.09849157054126
"1638",2.33096716947649
"1639",2.77462289263531
"1640",4.01242236024845
"1641",48.019520851819
"1642",2.1002661934339
"1643",3.30967169476486
"1644",2.1455190771961
"1645",2.37622005323869
"1646",2.14285714285714
"1647",3.89618456078083
"1648",2.77462289263531
"1649",2.35403726708075
"1650",25.5785270629991
"1651",3.26175687666371
"1652",5.43655723158829
"1653",2.34871339840284
"1654",16.8828748890861
"1655",2.02040816326531
"1656",2.26264418811003
"1657",3.66193433895297
"1658",2.05146406388642
"1659",2.95208518189885
"1660",2.35758651286602
"1661",2.64152617568767
"1662",8.54214729370009
"1663",3.21827861579414
"1664",6.50133096716948
"1665",3.2111801242236
"1666",2.4773735581189
"1667",2.64152617568767
"1668",2.02040816326531
"1669",4.28305235137533
"1670",26.9538598047915
"1671",2.06477373558119
"1672",5.08163265306122
"1673",3.28837622005324
"1674",2.1002661934339
"1675",3.83850931677019
"1676",4.19432120674357
"1677",2.59716060337178
"1678",2.77462289263531
"1679",2.72138420585626
"1680",3.33362910381544
"1681",5.49423247559893
"1682",9.87311446317657
"1683",3.67613132209405
"1684",2.14729370008873
"1685",2.33096716947649
"1686",2.50842945874002
"1687",2.24223602484472
"1688",2.10913930789707
"1689",7.2111801242236
"1690",2.73025732031943
"1691",2.15350488021295
"1692",2.05590062111801
"1693",2.8793256433008
"1694",2.4019520851819
"1695",2.41969831410825
"1696",3.71517302573203
"1697",5.08163265306122
"1698",2.75244010647737
"1699",2.08873114463177
"1700",4.54924578527063
"1701",2.28305235137533
"1702",3.17391304347826
"1703",3.8393966282165
"1704",4.3717834960071
"1705",2.33096716947649
"1706",5.61401952085182
"1707",11.8251996450754
"1708",6.76752440106477
"1709",2.10913930789707
"1710",32.055900621118
"1711",4.1055900621118
"1712",2.33096716947649
"1713",2.68589174800355
"1714",4.99290150842946
"1715",2.84081287044877
"1716",2.28281117696867
"1717",6.37679932260796
"1718",2.36155800169348
"1719",2.0584250635055
"1720",2.00338696020322
"1721",3.96359017781541
"1722",2.27095681625741
"1723",2.90516511430991
"1724",5.23370025402202
"1725",2.94750211685013
"1726",3.91109229466554
"1727",25.5554614733277
"1728",2.22777307366638
"1729",2.21930567315834
"1730",4.268416596105
"1731",5.8264182895851
"1732",2.65961049957663
"1733",2.21422523285351
"1734",2.01608806096528
"1735",2.52328535139712
"1736",3.68416596104996
"1737",2.56223539373412
"1738",2.12108382726503
"1739",2.01439458086367
"1740",43.0914479254869
"1741",2.69348010160881
"1742",2.64013547840813
"1743",2.94750211685013
"1744",5.65707027942422
"1745",2.0584250635055
"1746",2.1160033869602
"1747",2.52413209144793
"1748",2.39204064352244
"1749",2.22777307366638
"1750",15.3945808636749
"1751",2.13039796782388
"1752",2.74428450465707
"1753",2.94750211685013
"1754",2.18543607112616
"1755",3.56562235393734
"1756",2.14817950889077
"1757",3.17612193056732
"1758",2.33107535986452
"1759",21.8636748518205
"1760",2.89415749364945
"1761",3.11685012701101
"1762",2.65114309906859
"1763",2.0584250635055
"1764",10.229466553768
"1765",2.14309906858594
"1766",6.92718035563082
"1767",2.19813717188823
"1768",2.77476714648603
"1769",2.87552921253175
"1770",6.66469093988146
"1771",2.10076206604572
"1772",5.14902624894158
"1773",2.28365791701948
"1774",2.0584250635055
"1775",3.20152413209145
"1776",2.28958509737511
"1777",2.35478408128704
"1778",5.41659610499577
"1779",2.2701100762066
"1780",15.3945808636749
"1781",3.68670618120237
"1782",2.69348010160881
"1783",2.62404741744285
"1784",4.38696020321761
"1785",5.06435224386113
"1786",2.30143945808637
"1787",2.2701100762066
"1788",2.55376799322608
"1789",2.47671464860288
"1790",2.18966977138019
"1791",2.01608806096528
"1792",11.1371718882303
"1793",3.66299745977985
"1794",2.04572396274344
"1795",4.81033022861981
"1796",2.2701100762066
"1797",2.69348010160881
"1798",2.48179508890771
"1799",2.52413209144793
"1800",3.96359017781541
"1801",2.18120237087214
"1802",2.56562235393734
"1803",4.04826418289585
"1804",4.33784928027096
"1805",2.45723962743438
"1806",2.01608806096528
"1807",5.30143945808637
"1808",3.03217612193057
"1809",5.02201524132091
"1810",2.12193056731583
"1811",2.87976291278577
"1812",3.20152413209145
"1813",2.2701100762066
"1814",2.73412362404742
"1815",2.16850127011008
"1816",7.77392040643522
"1817",2.17696867061812
"1818",5.5004233700254
"1819",3.21337849280271
"1820",2.01608806096528
"1821",2.86282811176969
"1822",3.20152413209145
"1823",2.21930567315834
"1824",6.71549534292972
"1825",7.43522438611346
"1826",6.50381033022862
"1827",3.54022015241321
"1828",6.08044030482642
"1829",6.08044030482642
"1830",3.03217612193057
"1831",5.09144792548688
"1832",2.90177815410669
"1833",5.8264182895851
"1834",3.13209144792549
"1835",2.56985605419136
"1836",2.25317527519052
"1837",2.2701100762066
"1838",4.09906858594412
"1839",2.91024555461473
"1840",2.29551227773074
"1841",3.54022015241321
"1842",3.48772226926334
"1843",3.28619813717189
"1844",2.40558848433531
"1845",2.10245554614733
"1846",2.01608806096528
"1847",4.85266723116003
"1848",13.8018628281118
"1849",2.60880609652837
"1850",2.52413209144793
"1851",2.97290431837426
"1852",2.2701100762066
"1853",2.78492802709568
"1854",17.0880609652837
"1855",2.43945808636749
"1856",153.413209144793
"1857",2.43945808636749
"1858",4.13039796782388
"1859",7.28704487722269
"1860",3.77730736663844
"1861",2.03302286198137
"1862",2.01608806096528
"1863",15.0135478408129
"1864",2.2701100762066
"1865",2.21507197290432
"1866",9.36748518204911
"1867",2.0584250635055
"1868",2.11769686706181
"1869",4.81033022861981
"1870",2.10076206604572
"1871",2.52074513124471
"1872",2.48772226926334
"1873",4.38696020321761
"1874",5.65707027942422
"1875",3.27773073666384
"1876",2.04149026248942
"1877",2.17696867061812
"1878",2.52413209144793
"1879",2.2887383573243
"1880",2.2701100762066
"1881",4.77392040643522
"1882",2.19813717188823
"1883",3.35224386113463
"1884",2.06689246401355
"1885",2.06689246401355
"1886",10.3988145639289
"1887",2.2701100762066
"1888",6.77053344623201
"1889",2.04995766299746
"1890",2.53683319220999
"1891",2.08382726502964
"1892",2.87976291278577
"1893",2.27857747671465
"1894",2.35478408128704
"1895",4.97967823878069
"1896",6.2497883149873
"1897",2.56562235393734
"1898",13.701100762066
"1899",5.57239627434378
"1900",3.92125317527519
"1901",2.77815410668925
"1902",2.52413209144793
"1903",12.6850127011008
"1904",3.11685012701101
"1905",2.73327688399661
"1906",3.54022015241321
"1907",2.17612193056732
"1908",7.01185436071126
"1909",33.3878069432684
"1910",11.584250635055
"1911",2.64267569856054
"1912",4.38696020321761
"1913",2.01608806096528
"1914",5.86875529212532
"1915",2.52836579170195
"1916",2.10076206604572
"1917",2.07959356477561
"1918",2.69348010160881
"1919",19.6282811176969
"1920",2.731583403895
"1921",4.81033022861981
"1922",2.10076206604572
"1923",2.83742591024555
"1924",2.01608806096528
"1925",5.65707027942422
"1926",2.31498729889924
"1927",2.52413209144793
"1928",3.28619813717189
"1929",2.01608806096528
"1930",2.88569009314141
"1931",2.31160033869602
"1932",2.22777307366638
"1933",2.10076206604572
"1934",4.38696020321761
"1935",2.6342082980525
"1936",2.01354784081287
"1937",2.72650296359018
"1938",4.81033022861981
"1939",3.45639288738357
"1940",3.68670618120237
"1941",2.00338696020322
"1942",2.01524132091448
"1943",2.86282811176969
"1944",2.08382726502964
"1945",3.11685012701101
"1946",5.14902624894158
"1947",2.01608806096528
"1948",2.01608806096528
"1949",2.17696867061812
"1950",2.87706270627063
"1951",2.26815181518152
"1952",2.35643564356436
"1953",8.42574257425743
"1954",2.13448844884488
"1955",2.32920792079208
"1956",2.28712871287129
"1957",2.56518151815182
"1958",2.07260726072607
"1959",3.31023102310231
"1960",2.09405940594059
"1961",3.61716171617162
"1962",2.99009900990099
"1963",2.98762376237624
"1964",2.15594059405941
"1965",4.37871287128713
"1966",2.21699669966997
"1967",2.9513201320132
"1968",5.12541254125412
"1969",2.4026402640264
"1970",2.02640264026403
"1971",2.70792079207921
"1972",2.23762376237624
"1973",4.3003300330033
"1974",2.27887788778878
"1975",3.98102310231023
"1976",5.07590759075908
"1977",4.71287128712871
"1978",2.23762376237624
"1979",2.03135313531353
"1980",2.4546204620462
"1981",2.68976897689769
"1982",3.36798679867987
"1983",4.46534653465347
"1984",2.23762376237624
"1985",2.06435643564356
"1986",2.42326732673267
"1987",2.48514851485149
"1988",3.47524752475248
"1989",2.73679867986799
"1990",11.9983498349835
"1991",2.08498349834983
"1992",2.15511551155116
"1993",2.25825082508251
"1994",2.8976897689769
"1995",2.00660066006601
"1996",2.10891089108911
"1997",2.03135313531353
"1998",2.32013201320132
"1999",2.9026402640264
"2000",9.25082508250825
"2001",2.09488448844884
"2002",3.88778877887789
"2003",3.30280528052805
"2004",2.73597359735974
"2005",4.21782178217822
"2006",2.08498349834983
"2007",2.48514851485149
"2008",3.49917491749175
"2009",5.86798679867987
"2010",2.10561056105611
"2011",13.3762376237624
"2012",2.746699669967
"2013",4.58910891089109
"2014",2.02145214521452
"2015",4.46534653465347
"2016",5.53795379537954
"2017",6.1980198019802
"2018",3.67574257425743
"2019",2.27557755775578
"2020",2.65016501650165
"2021",4.3003300330033
"2022",2.32013201320132
"2023",2.48514851485149
"2024",3.53300330033003
"2025",4.85561056105611
"2026",2.20874587458746
"2027",2.29042904290429
"2028",3.8052805280528
"2029",2.26567656765677
"2030",6.61221122112211
"2031",2.44389438943894
"2032",3.1039603960396
"2033",3.47524752475248
"2034",2.81518151815182
"2035",2.4950495049505
"2036",3.04290429042904
"2037",2.07095709570957
"2038",2.23762376237624
"2039",3.06270627062706
"2040",2.01732673267327
"2041",2.65016501650165
"2042",16.2846534653465
"2043",3.29372937293729
"2044",2.07260726072607
"2045",5.53795379537954
"2046",2.23762376237624
"2047",11.1848184818482
"2048",2.66419141914191
"2049",3.31023102310231
"2050",7.37293729372937
"2051",2.41089108910891
"2052",2.11468646864686
"2053",2.87046204620462
"2054",3.06270627062706
"2055",2.06848184818482
"2056",2.67079207920792
"2057",2.31848184818482
"2058",2.11551155115512
"2059",3.06270627062706
"2060",2.07260726072607
"2061",5.29042904290429
"2062",3.98267326732673
"2063",2.02145214521452
"2064",9.08580858085809
"2065",4.17656765676568
"2066",2.6542904290429
"2067",2.26567656765677
"2068",2.08168316831683
"2069",2.08415841584158
"2070",3.80528052805281
"2071",3.16336633663366
"2072",2.27887788778878
"2073",2.32095709570957
"2074",2.33910891089109
"2075",2.48349834983498
"2076",2.82260726072607
"2077",7.20049504950495
"2078",14.2013201320132
"2079",5.31435643564356
"2080",3.40759075907591
"2081",2.36468646864686
"2082",2.00577557755776
"2083",3.14521452145215
"2084",2.90181518151815
"2085",2.46122112211221
"2086",21.8267326732673
"2087",6.94059405940594
"2088",3.72277227722772
"2089",3.76237623762376
"2090",2.02722772277228
"2091",2.14191419141914
"2092",2.6460396039604
"2093",2.77062706270627
"2094",5.12541254125413
"2095",2.98019801980198
"2096",2.32013201320132
"2097",2.00660066006601
"2098",9.25082508250825
"2099",2.11386138613861
"2100",2.65016501650165
"2101",2.26650165016502
"2102",2.5536303630363
"2103",5.08415841584158
"2104",2.44884488448845
"2105",15.8514851485149
"2106",2.59653465346535
"2107",4.87788778877888
"2108",3.02145214521452
"2109",2.65016501650165
"2110",2.01072607260726
"2111",2.48514851485149
"2112",2.27887788778878
"2113",2.02310231023102
"2114",5.7029702970297
"2115",4.13531353135314
"2116",2.86468646864686
"2117",3.03795379537954
"2118",3.14521452145215
"2119",2.15511551155116
"2120",2.05610561056106
"2121",145.657590759076
"2122",29.6303630363036
"2123",20.2656765676568
"2124",6.52805280528053
"2125",2.54290429042904
"2126",5.62046204620462
"2127",2.07260726072607
"2128",4.71287128712871
"2129",2.01402640264026
"2130",2.11386138613861
"2131",3.33993399339934
"2132",2.93894389438944
"2133",2.23762376237624
"2134",4.05280528052805
"2135",2.40924092409241
"2136",3.5536303630363
"2137",6.77557755775578
"2138",2.13448844884488
"2139",4.40759075907591
"2140",2.07260726072607
"2141",2.16749174917492
"2142",2.07260726072607
"2143",2.27062706270627
"2144",2.47277227722772
"2145",2.03630363036304
"2146",2.65016501650165
"2147",2.67821782178218
"2148",3.64026402640264
"2149",2.60148514851485
"2150",18.7392739273927
"2151",5.37293729372937
"2152",2.36138613861386
"2153",2.18399339933993
"2154",3.97029702970297
"2155",2.02310231023102
"2156",2.13036303630363
"2157",4.01155115511551
"2158",2.4026402640264
"2159",3.32260726072607
"2160",2.11551155115512
"2161",2.69141914191419
"2162",2.23762376237624
"2163",2.11468646864686
"2164",2.4026402640264
"2165",5.86798679867987
"2166",2.07260726072607
"2167",5.12541254125413
