"Postnummer","Salgspris","Kvadratmeter","Kvadratmeterpris","AntalVærelser","Byggeår","Hustype"
"Vanløse",5450000,95,57368.4210526316,4,1925,"Hus"
"Vanløse",7650000,117,65384.6153846154,4,1927,"Hus"
"Vanløse",6525000,133,49060.1503759398,5,1937,"Hus"
"Vanløse",2900000,144,20138.8888888889,5,1930,"Hus"
"Vanløse",10650000,185,57567.5675675676,5,1920,"Hus"
"Vanløse",2500000,126,19841.2698412698,3,1937,"Hus"
"Vanløse",4500000,124,36290.3225806452,5,1957,"Hus"
"Vanløse",8250000,147,56122.4489795918,5,1967,"Hus"
"Vanløse",5300000,118,44915.2542372881,3,1926,"Hus"
"Vanløse",10295000,176,58494.3181818182,5,2012,"Hus"
"Vanløse",3999000,93,43000,4,1937,"Hus"
"Vanløse",2650000,108,24537.037037037,5,1933,"Hus"
"Vanløse",6550000,151,43377.4834437086,6,1929,"Hus"
"Vanløse",4e+06,80,50000,4,1939,"Hus"
"Vanløse",12250000,238,51470.5882352941,6,1945,"Hus"
"Vanløse",8800000,170,51764.7058823529,4,2018,"Hus"
"Vanløse",9225000,148,62331.0810810811,5,1939,"Hus"
"Vanløse",7350000,195,37692.3076923077,6,1937,"Hus"
"Vanløse",9300000,147,63265.306122449,6,1937,"Hus"
"Vanløse",6400000,108,59259.2592592593,4,1938,"Hus"
"Vanløse",5950000,145,41034.4827586207,4,1978,"Hus"
"Vanløse",8225000,208,39543.2692307692,7,1960,"Hus"
"Vanløse",5500000,106,51886.7924528302,4,1934,"Hus"
"Vanløse",6449000,110,58627.2727272727,4,1934,"Hus"
"Vanløse",8600000,194,44329.8969072165,7,1909,"Hus"
"Vanløse",7575000,127,59645.6692913386,5,1938,"Hus"
"Vanløse",5950000,87,68390.8045977011,3,1939,"Hus"
"Vanløse",9250000,200,46250,5,1943,"Hus"
"Vanløse",8500000,150,56666.6666666667,6,1914,"Hus"
"Vanløse",4955000,119,41638.6554621849,4,1961,"Hus"
"Vanløse",6900000,248,27822.5806451613,10,1924,"Hus"
"Vanløse",1e+07,159,62893.0817610063,7,1927,"Hus"
"Vanløse",4200000,85,49411.7647058823,3,1938,"Hus"
"Vanløse",6250000,117,53418.8034188034,6,1951,"Hus"
"Vanløse",7500000,141,53191.4893617021,5,1925,"Hus"
"Vanløse",9300000,176,52840.9090909091,8,1933,"Hus"
"Vanløse",6800000,179,37988.8268156425,7,1932,"Hus"
"Vanløse",2255000,121,18636.3636363636,3,1929,"Hus"
"Vanløse",8500000,161,52795.0310559006,5,1937,"Hus"
"Vanløse",6775000,112,60491.0714285714,4,1957,"Hus"
"Vanløse",5362500,103,52063.1067961165,4,1924,"Hus"
"Vanløse",5595000,143,39125.8741258741,5,1967,"Hus"
"Vanløse",3500000,72,48611.1111111111,3,1926,"Hus"
"Vanløse",3750000,91,41208.7912087912,5,1930,"Hus"
"Vanløse",7737500,165,46893.9393939394,5,1920,"Hus"
"Vanløse",5200000,80,65000,3,1934,"Hus"
"Vanløse",10995000,263,41806.0836501901,5,1976,"Hus"
"Vanløse",6225000,165,37727.2727272727,8,1930,"Hus"
"Vanløse",10900000,310,35161.2903225806,7,1974,"Hus"
"Vanløse",8050000,182,44230.7692307692,6,1935,"Hus"
"Vanløse",4100000,118,34745.7627118644,4,1966,"Hus"
"Vanløse",6195000,110,56318.1818181818,4,1933,"Hus"
"Vanløse",8250000,175,47142.8571428571,6,1938,"Hus"
"Vanløse",10250000,151,67880.7947019868,7,1932,"Hus"
"Vanløse",4125000,118,34957.6271186441,4,1956,"Hus"
"Vanløse",6675000,158,42246.835443038,6,1934,"Hus"
"Vanløse",5555000,85,65352.9411764706,3,1934,"Hus"
"Vanløse",6745000,134,50335.8208955224,5,1967,"Hus"
"Vanløse",4700000,110,42727.2727272727,4,1987,"Hus"
"Vanløse",7550000,134,56343.2835820895,7,1917,"Hus"
"Vanløse",1700000,92,18478.2608695652,4,1948,"Hus"
"Vanløse",10350000,209,49521.5311004785,9,1937,"Hus"
"Vanløse",9500000,150,63333.3333333333,6,1924,"Hus"
"Vanløse",5250000,117,44871.7948717949,6,1927,"Hus"
"Vanløse",8725000,159,54874.213836478,5,1929,"Hus"
"Vanløse",4250000,69,61594.2028985507,4,1928,"Hus"
"Vanløse",5400000,97,55670.1030927835,5,1933,"Hus"
"Vanløse",5500000,108,50925.9259259259,4,1937,"Hus"
"Vanløse",7075000,160,44218.75,6,1936,"Hus"
"Vanløse",3480000,62,56129.0322580645,3,1940,"Hus"
"Vanløse",9300000,166,56024.0963855422,5,2017,"Hus"
"Vanløse",5800000,92,63043.4782608696,5,1956,"Hus"
"Vanløse",6100000,105,58095.2380952381,4,1934,"Hus"
"Vanløse",7400000,122,60655.737704918,6,1931,"Hus"
"Vanløse",7e+06,125,56000,5,1939,"Hus"
"Vanløse",9600000,217,44239.6313364055,6,1934,"Hus"
"Vanløse",11500000,126,91269.8412698413,4,1936,"Hus"
"Vanløse",8500000,164,51829.2682926829,4,2004,"Hus"
"Vanløse",5300000,170,31176.4705882353,4,1928,"Hus"
"Vanløse",7525000,134,56156.7164179105,7,1924,"Hus"
"Vanløse",7250000,99,73232.3232323232,6,1926,"Hus"
"Vanløse",10750000,185,58108.1081081081,7,1931,"Hus"
"Vanløse",8600000,183,46994.5355191257,7,1962,"Hus"
"Vanløse",9e+06,178,50561.797752809,5,1943,"Hus"
"Vanløse",10721000,146,73431.5068493151,4,1934,"Hus"
"Vanløse",13900000,170,81764.7058823529,6,1923,"Hus"
"Vanløse",6350000,108,58796.2962962963,3,1936,"Hus"
"Vanløse",11500000,170,67647.0588235294,7,1900,"Hus"
"Vanløse",5750000,90,63888.8888888889,4,1927,"Hus"
"Vanløse",9300000,156,59615.3846153846,5,1939,"Hus"
"Vanløse",6450000,100,64500,3,1970,"Hus"
"Vanløse",6060000,101,60000,3,1924,"Hus"
"Vanløse",2600000,66,39393.9393939394,3,1968,"Hus"
"Vanløse",8100000,195,41538.4615384615,7,1900,"Hus"
"Vanløse",4750000,140,33928.5714285714,6,1925,"Hus"
"Vanløse",7495000,110,68136.3636363636,4,1929,"Hus"
"Vanløse",7800000,91,85714.2857142857,4,1934,"Hus"
"Vanløse",9175000,157,58439.4904458599,4,1936,"Hus"
"Vanløse",8760000,142,61690.1408450704,5,1928,"Hus"
"Vanløse",8125000,230,35326.0869565217,5,2023,"Hus"
"Vanløse",10185000,142,71725.3521126761,5,1932,"Hus"
"Vanløse",9750000,155,62903.2258064516,7,1958,"Hus"
"Vanløse",7700000,153,50326.7973856209,6,1938,"Hus"
"Vanløse",1.3e+07,160,81250,8,1932,"Hus"
"Vanløse",9500000,184,51630.4347826087,6,1936,"Hus"
"Vanløse",10500000,166,63253.0120481928,5,1930,"Hus"
"Vanløse",10200000,200,51000,8,1923,"Hus"
"Vanløse",6500000,100,65000,4,1970,"Hus"
"Vanløse",6500000,248,26209.6774193548,6,2022,"Hus"
"Vanløse",6450000,126,51190.4761904762,5,1930,"Hus"
"Vanløse",9995000,216,46273.1481481481,6,1918,"Hus"
"Vanløse",8650000,135,64074.0740740741,5,1935,"Hus"
"Vanløse",5e+06,145,34482.7586206897,6,1932,"Hus"
"Vanløse",7495000,107,70046.7289719626,4,1924,"Hus"
"Vanløse",3850000,90,42777.7777777778,3,1925,"Hus"
"Vanløse",4650000,96,48437.5,3,1919,"Hus"
"Vanløse",6600000,92,71739.1304347826,4,1938,"Hus"
"Vanløse",6800000,93,73118.2795698925,3,1936,"Hus"
"Rødovre",2e+06,123,16260.162601626,5,1967,"Hus"
"Rødovre",8385000,197,42563.4517766497,6,1903,"Hus"
"Rødovre",9e+06,195,46153.8461538462,5,1929,"Hus"
"Rødovre",3e+06,136,22058.8235294118,5,1969,"Hus"
"Rødovre",6279000,144,43604.1666666667,4,1935,"Hus"
"Rødovre",4200000,128,32812.5,5,1960,"Hus"
"Rødovre",7e+06,193,36269.4300518135,7,2010,"Hus"
"Rødovre",5430000,131,41450.3816793893,4,1961,"Hus"
"Rødovre",4390000,115,38173.9130434783,4,1940,"Hus"
"Rødovre",3545000,155,22870.9677419355,7,1963,"Hus"
"Rødovre",5400000,208,25961.5384615385,10,1931,"Hus"
"Rødovre",6510000,130,50076.9230769231,5,1929,"Hus"
"Rødovre",3500000,78,44871.7948717949,2,1935,"Hus"
"Rødovre",6530000,161,40559.0062111801,6,1952,"Hus"
"Rødovre",3100000,102,30392.1568627451,3,1954,"Hus"
"Rødovre",4365000,152,28717.1052631579,4,1961,"Hus"
"Rødovre",3350000,106,31603.7735849057,4,1970,"Hus"
"Rødovre",1742500,120,14520.8333333333,4,1970,"Hus"
"Rødovre",4175000,137,30474.4525547445,4,1963,"Hus"
"Rødovre",9390000,178,52752.808988764,7,1936,"Hus"
"Rødovre",4300000,118,36440.6779661017,4,1993,"Hus"
"Rødovre",4275000,94,45478.7234042553,5,1939,"Hus"
"Rødovre",4900000,136,36029.4117647059,4,1939,"Hus"
"Rødovre",3605000,142,25387.323943662,5,1972,"Hus"
"Rødovre",5401000,151,35768.2119205298,6,2011,"Hus"
"Rødovre",3900000,100,39000,4,1913,"Hus"
"Rødovre",3600000,121,29752.0661157025,5,1961,"Hus"
"Rødovre",1487000,75,19826.6666666667,3,1937,"Hus"
"Rødovre",4400000,152,28947.3684210526,5,1931,"Hus"
"Rødovre",2675000,127,21062.9921259843,6,1976,"Hus"
"Rødovre",4150000,111,37387.3873873874,4,1966,"Hus"
"Rødovre",2325000,96,24218.75,5,1956,"Hus"
"Rødovre",6200000,119,52100.8403361345,4,1940,"Hus"
"Rødovre",2400000,84,28571.4285714286,5,1938,"Hus"
"Rødovre",8795000,185,47540.5405405405,5,2022,"Hus"
"Rødovre",1955000,151,12947.0198675497,6,1966,"Hus"
"Rødovre",3e+06,87,34482.7586206897,4,1934,"Hus"
"Rødovre",5425000,168,32291.6666666667,4,1960,"Hus"
"Rødovre",5650000,114,49561.4035087719,5,1950,"Hus"
"Rødovre",3350000,96,34895.8333333333,4,1958,"Hus"
"Rødovre",4e+06,124,32258.064516129,5,1926,"Hus"
"Rødovre",4700000,109,43119.2660550459,4,1927,"Hus"
"Rødovre",3800000,120,31666.6666666667,6,1969,"Hus"
"Rødovre",3200000,110,29090.9090909091,3,1926,"Hus"
"Rødovre",5e+06,100,50000,4,1939,"Hus"
"Rødovre",4500000,123,36585.3658536585,5,1935,"Hus"
"Rødovre",6275000,185,33918.9189189189,6,1933,"Hus"
"Rødovre",6400000,130,49230.7692307692,5,1946,"Hus"
"Rødovre",5325000,121,44008.2644628099,4,1941,"Hus"
"Rødovre",1980000,70,28285.7142857143,3,1961,"Hus"
"Rødovre",4425000,154,28733.7662337662,6,1954,"Hus"
"Rødovre",4300000,100,43000,4,1940,"Hus"
"Rødovre",3975000,107,37149.5327102804,4,1954,"Hus"
"Rødovre",5e+06,137,36496.3503649635,3,1976,"Hus"
"Rødovre",3100000,106,29245.2830188679,3,1943,"Hus"
"Rødovre",4395000,142,30950.7042253521,3,1938,"Hus"
"Rødovre",7600000,131,58015.2671755725,6,1933,"Hus"
"Rødovre",4425000,134,33022.3880597015,4,1939,"Hus"
"Rødovre",5e+06,125,40000,4,1939,"Hus"
"Rødovre",5325000,172,30959.3023255814,5,1954,"Hus"
"Rødovre",5900000,155,38064.5161290323,5,1955,"Hus"
"Rødovre",3150000,101,31188.1188118812,4,1959,"Hus"
"Rødovre",6575000,157,41878.9808917197,6,1956,"Hus"
"Rødovre",3375000,72,46875,3,1934,"Hus"
"Rødovre",4495000,90,49944.4444444444,4,1955,"Hus"
"Rødovre",3250000,96,33854.1666666667,5,1949,"Hus"
"Rødovre",3595000,127,28307.0866141732,6,1954,"Hus"
"Rødovre",4100000,169,24260.3550295858,5,1963,"Hus"
"Rødovre",4200000,116,36206.8965517241,5,1963,"Hus"
"Rødovre",3800000,115,33043.4782608696,5,1939,"Hus"
"Rødovre",3350000,121,27685.9504132231,4,1965,"Hus"
"Rødovre",2550000,136,18750,5,1961,"Hus"
"Rødovre",4495000,139,32338.1294964029,4,1964,"Hus"
"Rødovre",4430000,85,52117.6470588235,2,1937,"Hus"
"Rødovre",4400000,123,35772.3577235772,2,1953,"Hus"
"Rødovre",6e+06,177,33898.3050847458,7,1968,"Hus"
"Rødovre",3550000,118,30084.7457627119,5,1954,"Hus"
"Rødovre",9200000,218,42201.8348623853,6,1933,"Hus"
"Rødovre",6037000,128,47164.0625,5,1950,"Hus"
"Rødovre",4070000,135,30148.1481481481,4,1974,"Hus"
"Rødovre",3600000,155,23225.8064516129,5,1940,"Hus"
"Rødovre",3e+06,113,26548.6725663717,4,1936,"Hus"
"Rødovre",7100000,178,39887.6404494382,6,1926,"Hus"
"Rødovre",4370000,80,54625,4,1939,"Hus"
"Rødovre",4500000,151,29801.3245033113,5,1973,"Hus"
"Rødovre",2e+06,109,18348.623853211,5,1934,"Hus"
"Rødovre",3900000,102,38235.2941176471,3,1938,"Hus"
"Rødovre",4600000,118,38983.0508474576,5,1939,"Hus"
"Rødovre",5700000,161,35403.7267080745,5,1940,"Hus"
"Rødovre",6400000,136,47058.8235294118,4,1961,"Hus"
"Rødovre",2082500,182,11442.3076923077,6,1963,"Hus"
"Rødovre",3475000,119,29201.6806722689,4,1961,"Hus"
"Rødovre",2225000,83,26807.2289156627,3,1957,"Hus"
"Rødovre",5250000,137,38321.1678832117,5,1976,"Hus"
"Rødovre",7373000,126,58515.873015873,4,1936,"Hus"
"Rødovre",3600000,116,31034.4827586207,3,1938,"Hus"
"Rødovre",2970000,80,37125,3,1954,"Hus"
"Rødovre",4400000,109,40366.9724770642,8,1958,"Hus"
"Rødovre",2950000,116,25431.0344827586,4,1955,"Hus"
"Rødovre",6350000,145,43793.1034482759,6,1928,"Hus"
"Rødovre",2995000,94,31861.7021276596,3,1939,"Hus"
"Rødovre",3090000,121,25537.1900826446,4,1936,"Hus"
"Rødovre",3020000,99,30505.0505050505,4,1955,"Hus"
"Rødovre",3395000,125,27160,4,1987,"Hus"
"Rødovre",5500000,190,28947.3684210526,6,1951,"Hus"
"Rødovre",4995000,149,33523.4899328859,7,1957,"Hus"
"Rødovre",5100000,177,28813.5593220339,6,1937,"Hus"
"Rødovre",5150000,148,34797.2972972973,5,1933,"Hus"
"Rødovre",3300000,92,35869.5652173913,3,1958,"Hus"
"Rødovre",4850000,149,32550.3355704698,7,1940,"Hus"
"Rødovre",6650000,160,41562.5,5,2017,"Hus"
"Rødovre",8200000,178,46067.4157303371,3,1937,"Hus"
"Rødovre",4200000,129,32558.1395348837,5,1967,"Hus"
"Rødovre",3800000,94,40425.5319148936,3,1938,"Hus"
"Rødovre",3450000,97,35567.0103092784,4,1928,"Hus"
"Rødovre",2600000,100,26000,3,1957,"Hus"
"Rødovre",3100000,74,41891.8918918919,3,1937,"Hus"
"Rødovre",4100000,114,35964.9122807018,5,1950,"Hus"
"Rødovre",2625000,128,20507.8125,4,1963,"Hus"
"Rødovre",3e+06,115,26086.9565217391,4,1937,"Hus"
"Rødovre",4700000,104,45192.3076923077,4,1938,"Hus"
"Rødovre",5150000,202,25495.0495049505,11,1935,"Hus"
"Rødovre",4500000,96,46875,2,1940,"Hus"
"Rødovre",3400000,90,37777.7777777778,4,1959,"Hus"
"Rødovre",4e+06,83,48192.7710843373,4,1936,"Hus"
"Rødovre",4800000,145,33103.4482758621,5,2010,"Hus"
"Rødovre",4700000,130,36153.8461538462,5,1935,"Hus"
"Rødovre",4250000,144,29513.8888888889,5,1974,"Hus"
"Rødovre",3857000,84,45916.6666666667,3,1936,"Hus"
"Rødovre",5375000,161,33385.0931677019,6,1952,"Hus"
"Rødovre",3695000,104,35528.8461538462,4,1963,"Hus"
"Rødovre",4300000,118,36440.6779661017,5,1958,"Hus"
"Rødovre",4e+06,120,33333.3333333333,4,1959,"Hus"
"Rødovre",4e+06,121,33057.8512396694,6,1930,"Hus"
"Rødovre",3795000,119,31890.756302521,4,1997,"Hus"
"Rødovre",2700000,94,28723.4042553192,3,1952,"Hus"
"Rødovre",6995000,167,41886.2275449102,5,1905,"Hus"
"Rødovre",3050000,89,34269.6629213483,3,1934,"Hus"
"Rødovre",5250000,159,33018.8679245283,6,1937,"Hus"
"Rødovre",6560000,160,41000,5,2017,"Hus"
"Rødovre",3595000,125,28760,4,1963,"Hus"
"Rødovre",3e+06,93,32258.064516129,3,1953,"Hus"
"Rødovre",3650000,75,48666.6666666667,3,1939,"Hus"
"Rødovre",6325000,146,43321.9178082192,5,2019,"Hus"
"Rødovre",3145000,126,24960.3174603175,4,1965,"Hus"
"Rødovre",3550000,78,45512.8205128205,3,1954,"Hus"
"Rødovre",3200000,72,44444.4444444444,3,1939,"Hus"
"Rødovre",2650000,73,36301.3698630137,3,1957,"Hus"
"Rødovre",2500000,94,26595.7446808511,4,1961,"Hus"
"Rødovre",2995000,93,32204.3010752688,4,1955,"Hus"
"Rødovre",6100000,148,41216.2162162162,6,1938,"Hus"
"Rødovre",5100000,148,34459.4594594595,5,1936,"Hus"
"Rødovre",4150000,155,26774.1935483871,6,1936,"Hus"
"Rødovre",2995000,77,38896.1038961039,2,1953,"Hus"
"Rødovre",4e+06,184,21739.1304347826,4,1964,"Hus"
"Rødovre",4400000,156,28205.1282051282,7,1929,"Hus"
"Rødovre",3950000,107,36915.8878504673,4,1931,"Hus"
"Rødovre",3175000,121,26239.6694214876,5,1953,"Hus"
"Rødovre",4200000,102,41176.4705882353,3,1954,"Hus"
"Rødovre",3900000,112,34821.4285714286,4,1969,"Hus"
"Rødovre",2910000,91,31978.021978022,3,1961,"Hus"
"Rødovre",5400000,169,31952.6627218935,3,1980,"Hus"
"Rødovre",4650000,133,34962.4060150376,5,1962,"Hus"
"Rødovre",3500000,105,33333.3333333333,5,1956,"Hus"
"Rødovre",3050000,112,27232.1428571429,5,1931,"Hus"
"Rødovre",3425000,114,30043.8596491228,4,1967,"Hus"
"Rødovre",4175000,117,35683.7606837607,4,1961,"Hus"
"Rødovre",4710000,133,35413.5338345865,5,1969,"Hus"
"Rødovre",1912500,142,13468.3098591549,4,1965,"Hus"
"Rødovre",4800000,145,33103.4482758621,5,1956,"Hus"
"Rødovre",7900000,205,38536.5853658537,6,1926,"Hus"
"Rødovre",2260000,139,16258.9928057554,5,1949,"Hus"
"Rødovre",2500000,76,32894.7368421053,3,1955,"Hus"
"Rødovre",4510000,217,20783.4101382488,9,1934,"Hus"
"Rødovre",4650000,120,38750,4,1963,"Hus"
"Rødovre",4300000,140,30714.2857142857,5,1961,"Hus"
"Rødovre",3492000,103,33902.9126213592,4,1933,"Hus"
"Rødovre",4050000,106,38207.5471698113,4,1919,"Hus"
"Rødovre",2999000,86,34872.0930232558,2,1952,"Hus"
"Rødovre",4200000,157,26751.5923566879,5,1927,"Hus"
"Rødovre",5500000,130,42307.6923076923,6,1998,"Hus"
"Rødovre",8200000,181,45303.8674033149,4,1936,"Hus"
"Rødovre",4400000,164,26829.2682926829,4,1931,"Hus"
"Rødovre",4795000,140,34250,4,1960,"Hus"
"Rødovre",6500000,186,34946.2365591398,6,1952,"Hus"
"Rødovre",4825000,145,33275.8620689655,4,1960,"Hus"
"Rødovre",8250000,132,62500,5,1936,"Hus"
"Rødovre",2550000,184,13858.6956521739,6,1948,"Hus"
"Rødovre",3700000,100,37000,3,1935,"Hus"
"Rødovre",5102000,126,40492.0634920635,5,1963,"Hus"
"Rødovre",3500000,126,27777.7777777778,4,1960,"Hus"
"Rødovre",3750000,186,20161.2903225806,5,2023,"Hus"
"Rødovre",3250000,162,20061.7283950617,6,1939,"Hus"
"Rødovre",5075000,119,42647.0588235294,5,1960,"Hus"
"Rødovre",5850000,131,44656.4885496183,4,1930,"Hus"
"Rødovre",3860000,148,26081.0810810811,4,1954,"Hus"
"Rødovre",6550000,119,55042.0168067227,4,1929,"Hus"
"Rødovre",3905000,185,21108.1081081081,5,2023,"Hus"
"Rødovre",6300000,152,41447.3684210526,5,2012,"Hus"
"Rødovre",4620000,129,35813.9534883721,6,1936,"Hus"
"Rødovre",3750000,171,21929.8245614035,5,2023,"Hus"
"Rødovre",3600000,118,30508.4745762712,5,1986,"Hus"
"Rødovre",4550000,103,44174.7572815534,5,1944,"Hus"
"Rødovre",4200000,121,34710.7438016529,4,1968,"Hus"
"Rødovre",3400000,110,30909.0909090909,3,1962,"Hus"
"Rødovre",3600000,117,30769.2307692308,4,1953,"Hus"
"Rødovre",3015000,88,34261.3636363636,3,1957,"Hus"
"Rødovre",8895000,176,50539.7727272727,5,1930,"Hus"
"Rødovre",3825000,107,35747.6635514019,4,1961,"Hus"
"Rødovre",4645000,139,33417.2661870504,6,1937,"Hus"
"Rødovre",4200000,99,42424.2424242424,4,1939,"Hus"
"Rødovre",4200000,250,16800,10,1941,"Hus"
"Rødovre",3675000,136,27022.0588235294,5,1964,"Hus"
"Rødovre",2800000,97,28865.9793814433,6,1933,"Hus"
"Rødovre",4300000,64,67187.5,3,1956,"Hus"
"Rødovre",2950000,74,39864.8648648649,3,1957,"Hus"
"Rødovre",4495000,190,23657.8947368421,6,1976,"Hus"
"Rødovre",8050000,186,43279.5698924731,5,2017,"Hus"
"Rødovre",4900000,145,33793.1034482759,7,1938,"Hus"
"Rødovre",7350000,179,41061.4525139665,6,1933,"Hus"
"Rødovre",6400000,129,49612.4031007752,5,1975,"Hus"
"Rødovre",4250000,150,28333.3333333333,4,2023,"Hus"
"Rødovre",7250000,167,43413.1736526946,4,1938,"Hus"
"Rødovre",5375000,193,27849.7409326425,6,1961,"Hus"
"Rødovre",10050000,195,51538.4615384615,6,1941,"Hus"
"Rødovre",4825000,76,63486.8421052632,3,1940,"Hus"
"Rødovre",5850000,119,49159.6638655462,5,1961,"Hus"
"Rødovre",4310000,128,33671.875,6,1967,"Hus"
"Rødovre",6300000,158,39873.417721519,7,1955,"Hus"
"Rødovre",4450000,110,40454.5454545455,5,1942,"Hus"
"Rødovre",3925000,106,37028.3018867925,3,1954,"Hus"
"Rødovre",4150000,136,30514.7058823529,4,1962,"Hus"
"Rødovre",6350000,124,51209.6774193548,5,1929,"Hus"
"Rødovre",8600000,185,46486.4864864865,5,1936,"Hus"
"Rødovre",9495000,168,56517.8571428571,7,1933,"Hus"
"Rødovre",7e+06,150,46666.6666666667,5,1954,"Hus"
"Rødovre",3625000,131,27671.7557251908,5,1933,"Hus"
"Rødovre",7e+06,85,82352.9411764706,4,1934,"Hus"
"Rødovre",3325000,110,30227.2727272727,4,1945,"Hus"
"Rødovre",3900000,98,39795.9183673469,4,1961,"Hus"
"Rødovre",8995000,197,45659.8984771574,7,1908,"Hus"
"Rødovre",6600000,194,34020.618556701,9,1922,"Hus"
"Rødovre",3800000,162,23456.7901234568,5,1955,"Hus"
"Rødovre",3998000,112,35696.4285714286,4,1954,"Hus"
"Rødovre",6015000,150,40100,5,1937,"Hus"
"Rødovre",8300000,161,51552.7950310559,4,1938,"Hus"
"Rødovre",8100000,169,47928.9940828402,7,1933,"Hus"
"Rødovre",2800000,105,26666.6666666667,3,1944,"Hus"
"Rødovre",7150000,166,43072.2891566265,6,1939,"Hus"
"Rødovre",4295000,101,42524.7524752475,3,1954,"Hus"
"Rødovre",5615000,91,61703.2967032967,3,1947,"Hus"
"Rødovre",6700000,97,69072.1649484536,4,1934,"Hus"
"Rødovre",4275000,152,28125,6,1964,"Hus"
"Rødovre",4300000,183,23497.2677595628,6,1955,"Hus"
"Rødovre",4100000,169,24260.3550295858,6,1957,"Hus"
"Rødovre",4150000,103,40291.2621359223,4,1956,"Hus"
"Rødovre",5500000,221,24886.8778280543,4,2009,"Hus"
"Rødovre",1860000,155,12000,6,1951,"Hus"
"Rødovre",4350000,175,24857.1428571429,5,1960,"Hus"
"Rødovre",3900000,126,30952.380952381,5,1956,"Hus"
"Rødovre",3800000,110,34545.4545454545,4,1937,"Hus"
"Rødovre",4e+06,109,36697.247706422,4,1950,"Hus"
"Rødovre",4500000,152,29605.2631578947,3,1973,"Hus"
"Rødovre",4600000,90,51111.1111111111,3,1954,"Hus"
"Ballerup",4800000,163,29447.8527607362,5,1964,"Hus"
"Ballerup",3600000,158,22784.8101265823,6,1936,"Hus"
"Ballerup",3700000,83,44578.313253012,3,1963,"Hus"
"Ballerup",6350000,156,40705.1282051282,5,1965,"Hus"
"Ballerup",4e+06,123,32520.325203252,4,1970,"Hus"
"Ballerup",3900000,153,25490.1960784314,5,1975,"Hus"
"Ballerup",2500000,140,17857.1428571429,5,1957,"Hus"
"Ballerup",11800000,264,44696.9696969697,6,2013,"Hus"
"Ballerup",3750000,140,26785.7142857143,4,1958,"Hus"
"Ballerup",3250000,124,26209.6774193548,4,1970,"Hus"
"Ballerup",3170000,118,26864.406779661,5,1963,"Hus"
"Ballerup",4070000,118,34491.5254237288,4,1964,"Hus"
"Ballerup",3450000,122,28278.6885245902,4,1927,"Hus"
"Ballerup",4595000,141,32588.6524822695,6,1959,"Hus"
"Ballerup",4550000,122,37295.0819672131,4,1931,"Hus"
"Ballerup",5235000,157,33343.949044586,6,1850,"Hus"
"Ballerup",4850000,184,26358.6956521739,7,1946,"Hus"
"Ballerup",3495000,157,22261.1464968153,5,1905,"Hus"
"Ballerup",3900000,128,30468.75,6,1961,"Hus"
"Ballerup",5175000,143,36188.8111888112,5,1964,"Hus"
"Ballerup",3200000,184,17391.3043478261,8,1962,"Hus"
"Ballerup",3400000,126,26984.126984127,4,1970,"Hus"
"Ballerup",2750000,69,39855.0724637681,2,1938,"Hus"
"Ballerup",5550000,139,39928.0575539568,4,1966,"Hus"
"Ballerup",4495000,140,32107.1428571429,5,1967,"Hus"
"Ballerup",3225000,122,26434.4262295082,4,1954,"Hus"
"Ballerup",5300000,151,35099.3377483444,6,1984,"Hus"
"Ballerup",2650000,77,34415.5844155844,3,1961,"Hus"
"Ballerup",2200000,96,22916.6666666667,3,1950,"Hus"
"Ballerup",4925000,174,28304.5977011494,5,1998,"Hus"
"Ballerup",2550000,130,19615.3846153846,5,1971,"Hus"
"Ballerup",4750000,121,39256.1983471074,4,1963,"Hus"
"Ballerup",3017500,162,18626.5432098765,3,2011,"Hus"
"Ballerup",4e+06,72,55555.5555555556,3,1967,"Hus"
"Ballerup",6650000,205,32439.0243902439,5,1967,"Hus"
"Ballerup",3900000,125,31200,4,1968,"Hus"
"Ballerup",3550000,131,27099.2366412214,5,1951,"Hus"
"Ballerup",5e+06,170,29411.7647058824,7,1950,"Hus"
"Ballerup",7e+06,169,41420.1183431953,5,2015,"Hus"
"Ballerup",5100000,147,34693.8775510204,5,1974,"Hus"
"Ballerup",3800000,154,24675.3246753247,6,1973,"Hus"
"Ballerup",3900000,149,26174.4966442953,4,1966,"Hus"
"Ballerup",5200000,166,31325.3012048193,5,1973,"Hus"
"Ballerup",2150000,102,21078.431372549,2,1963,"Hus"
"Ballerup",2900000,133,21804.5112781955,5,1966,"Hus"
"Ballerup",4300000,130,33076.9230769231,5,1950,"Hus"
"Ballerup",1525000,103,14805.8252427184,6,1910,"Hus"
"Ballerup",4810000,156,30833.3333333333,5,1985,"Hus"
"Ballerup",5800000,184,31521.7391304348,6,1981,"Hus"
"Ballerup",3295000,142,23204.2253521127,5,1971,"Hus"
"Ballerup",2795000,95,29421.0526315789,4,1953,"Hus"
"Ballerup",4500000,166,27108.4337349398,5,1968,"Hus"
"Ballerup",2500000,85,29411.7647058824,4,1955,"Hus"
"Ballerup",4050000,163,24846.6257668712,5,1961,"Hus"
"Ballerup",4050000,171,23684.2105263158,6,1962,"Hus"
"Ballerup",5225000,135,38703.7037037037,6,1953,"Hus"
"Ballerup",4695000,146,32157.5342465753,4,1968,"Hus"
"Ballerup",3800000,135,28148.1481481481,5,1968,"Hus"
"Ballerup",3350000,136,24632.3529411765,4,1973,"Hus"
"Ballerup",5500000,126,43650.7936507937,4,1966,"Hus"
"Ballerup",6450000,140,46071.4285714286,4,1973,"Hus"
"Ballerup",3750000,132,28409.0909090909,3,1969,"Hus"
"Ballerup",3380000,133,25413.5338345865,5,1981,"Hus"
"Ballerup",2950000,123,23983.7398373984,6,1954,"Hus"
"Ballerup",3506180,141,24866.524822695,5,1978,"Hus"
"Ballerup",3500000,142,24647.8873239437,7,1968,"Hus"
"Ballerup",5800000,153,37908.4967320261,5,1966,"Hus"
"Ballerup",3300000,135,24444.4444444444,5,1971,"Hus"
"Ballerup",2150000,120,17916.6666666667,5,1927,"Hus"
"Ballerup",4700000,145,32413.7931034483,5,1967,"Hus"
"Ballerup",3400000,93,36559.1397849462,4,1965,"Hus"
"Ballerup",3750000,120,31250,4,1966,"Hus"
"Ballerup",4545000,127,35787.4015748032,6,1985,"Hus"
"Ballerup",5275000,149,35402.6845637584,4,1970,"Hus"
"Ballerup",2900000,124,23387.0967741935,3,1971,"Hus"
"Ballerup",3350000,129,25968.992248062,5,1956,"Hus"
"Ballerup",2800000,98,28571.4285714286,3,1966,"Hus"
"Ballerup",5400000,205,26341.4634146341,5,1969,"Hus"
"Ballerup",7400000,180,41111.1111111111,6,2018,"Hus"
"Ballerup",6100000,190,32105.2631578947,6,1966,"Hus"
"Ballerup",3925000,144,27256.9444444444,4,1964,"Hus"
"Ballerup",4450000,180,24722.2222222222,6,1968,"Hus"
"Ballerup",4050000,165,24545.4545454545,5,1973,"Hus"
"Ballerup",1742500,120,14520.8333333333,4,1969,"Hus"
"Ballerup",5950000,111,53603.6036036036,3,1972,"Hus"
"Ballerup",2935000,102,28774.5098039216,4,1956,"Hus"
"Ballerup",2750000,101,27227.7227722772,4,1960,"Hus"
"Ballerup",3277500,157,20875.7961783439,6,1985,"Hus"
"Ballerup",5900000,198,29797.9797979798,7,1970,"Hus"
"Ballerup",3900000,147,26530.612244898,5,1977,"Hus"
"Ballerup",3800000,135,28148.1481481481,6,1959,"Hus"
"Ballerup",6300000,160,39375,4,2004,"Hus"
"Ballerup",3900000,142,27464.7887323944,4,1936,"Hus"
"Ballerup",2800000,116,24137.9310344828,4,1965,"Hus"
"Ballerup",3300000,142,23239.4366197183,4,1971,"Hus"
"Ballerup",3195000,118,27076.2711864407,4,2000,"Hus"
"Ballerup",3e+06,125,24000,5,1959,"Hus"
"Ballerup",4160000,125,33280,5,1969,"Hus"
"Ballerup",2750000,91,30219.7802197802,3,1959,"Hus"
"Ballerup",5350000,150,35666.6666666667,5,1969,"Hus"
"Ballerup",3600000,116,31034.4827586207,4,1968,"Hus"
"Ballerup",5300000,130,40769.2307692308,5,2001,"Hus"
"Ballerup",3850000,124,31048.3870967742,4,1981,"Hus"
"Ballerup",4050000,160,25312.5,6,1962,"Hus"
"Ballerup",4100000,145,28275.8620689655,6,1967,"Hus"
"Ballerup",4425000,145,30517.2413793103,5,1970,"Hus"
"Ballerup",3400000,102,33333.3333333333,4,1960,"Hus"
"Ballerup",3350000,156,21474.358974359,6,1971,"Hus"
"Ballerup",3600000,135,26666.6666666667,5,1970,"Hus"
"Ballerup",7825000,227,34471.3656387665,6,2012,"Hus"
"Ballerup",3e+06,140,21428.5714285714,4,1973,"Hus"
"Ballerup",3900000,128,30468.75,5,1965,"Hus"
"Ballerup",3950000,144,27430.5555555556,5,1971,"Hus"
"Ballerup",5250000,145,36206.8965517241,5,2014,"Hus"
"Ballerup",5e+06,145,34482.7586206897,5,1970,"Hus"
"Ballerup",3850000,120,32083.3333333333,4,1959,"Hus"
"Ballerup",6550000,172,38081.3953488372,4,1972,"Hus"
"Ballerup",2900000,101,28712.8712871287,4,1968,"Hus"
"Ballerup",5200000,125,41600,3,1966,"Hus"
"Ballerup",3600000,111,32432.4324324324,4,1976,"Hus"
"Ballerup",6500000,190,34210.5263157895,7,1939,"Hus"
"Ballerup",3500000,143,24475.5244755245,5,1969,"Hus"
"Ballerup",3630000,128,28359.375,5,1971,"Hus"
"Ballerup",3800000,114,33333.3333333333,5,1956,"Hus"
"Ballerup",4375000,138,31702.8985507246,5,1964,"Hus"
"Ballerup",8187500,192,42643.2291666667,5,1968,"Hus"
"Ballerup",3600000,147,24489.7959183673,5,1974,"Hus"
"Ballerup",3750000,148,25337.8378378378,6,1960,"Hus"
"Ballerup",4025000,135,29814.8148148148,4,1967,"Hus"
"Ballerup",4350000,148,29391.8918918919,4,1971,"Hus"
"Ballerup",3e+06,124,24193.5483870968,4,1963,"Hus"
"Ballerup",5500000,180,30555.5555555556,7,1979,"Hus"
"Ballerup",2950000,117,25213.6752136752,3,1958,"Hus"
"Ballerup",2650000,127,20866.1417322835,4,1957,"Hus"
"Ballerup",4345000,147,29557.8231292517,5,1971,"Hus"
"Ballerup",3375000,116,29094.8275862069,4,1908,"Hus"
"Ballerup",1572500,135,11648.1481481481,4,1966,"Hus"
"Ballerup",5100000,103,49514.5631067961,3,1955,"Hus"
"Ballerup",3450000,130,26538.4615384615,5,1923,"Hus"
"Ballerup",3295000,135,24407.4074074074,4,1961,"Hus"
"Ballerup",4100000,146,28082.1917808219,5,1973,"Hus"
"Ballerup",3400000,123,27642.2764227642,6,1962,"Hus"
"Ballerup",6050000,258,23449.6124031008,5,1920,"Hus"
"Ballerup",3850000,151,25496.6887417219,5,1968,"Hus"
"Ballerup",3995000,147,27176.8707482993,5,1973,"Hus"
"Ballerup",3225000,114,28289.4736842105,4,1952,"Hus"
"Ballerup",5320000,140,38000,5,1967,"Hus"
"Ballerup",3910000,128,30546.875,4,1955,"Hus"
"Ballerup",3200000,147,21768.7074829932,5,2022,"Hus"
"Ballerup",4350000,135,32222.2222222222,4,1973,"Hus"
"Ballerup",3995000,135,29592.5925925926,5,1954,"Hus"
"Ballerup",2700000,82,32926.8292682927,4,1958,"Hus"
"Ballerup",3950000,130,30384.6153846154,5,1962,"Hus"
"Ballerup",5895000,185,31864.8648648649,7,1947,"Hus"
"Ballerup",4495000,121,37148.7603305785,5,1996,"Hus"
"Ballerup",3700000,156,23717.9487179487,6,1971,"Hus"
"Ballerup",4310000,137,31459.8540145985,5,1956,"Hus"
"Ballerup",6200000,189,32804.2328042328,7,1970,"Hus"
"Ballerup",3700000,97,38144.3298969072,4,1961,"Hus"
"Ballerup",4485000,130,34500,6,1959,"Hus"
"Ballerup",3995000,152,26282.8947368421,6,1942,"Hus"
"Ballerup",3556000,155,22941.935483871,6,1958,"Hus"
"Ballerup",4650000,149,31208.0536912752,5,1973,"Hus"
"Ballerup",4095000,111,36891.8918918919,4,1966,"Hus"
"Ballerup",3250000,130,25000,5,1959,"Hus"
"Ballerup",4050000,181,22375.6906077348,4,2022,"Hus"
"Ballerup",6750000,160,42187.5,5,2017,"Hus"
"Ballerup",3700000,138,26811.5942028986,5,1968,"Hus"
"Ballerup",6125000,190,32236.8421052632,8,1969,"Hus"
"Ballerup",5195000,143,36328.6713286713,5,1980,"Hus"
"Ballerup",3250000,87,37356.3218390805,3,1933,"Hus"
"Ballerup",4350000,145,30000,4,1971,"Hus"
"Ballerup",4450000,130,34230.7692307692,5,1960,"Hus"
"Ballerup",4750000,129,36821.7054263566,5,1971,"Hus"
"Ballerup",5600000,143,39160.8391608392,3,1969,"Hus"
"Ballerup",4395000,151,29105.9602649007,6,1958,"Hus"
"Ballerup",4850000,137,35401.4598540146,5,1959,"Hus"
"Ballerup",9200000,150,61333.3333333333,4,1967,"Hus"
"Ballerup",9200000,147,62585.0340136054,4,2004,"Hus"
"Ballerup",4452000,129,34511.6279069767,5,1973,"Hus"
"Ballerup",3750000,110,34090.9090909091,4,1962,"Hus"
"Ballerup",3060000,174,17586.2068965517,6,2006,"Hus"
"Ballerup",7310000,205,35658.5365853659,8,2014,"Hus"
"Ballerup",4495000,102,44068.6274509804,6,1954,"Hus"
"Ballerup",8250000,191,43193.7172774869,6,2017,"Hus"
"Ballerup",3150000,104,30288.4615384615,4,1962,"Hus"
"Ballerup",4065000,141,28829.7872340426,5,1956,"Hus"
"Ballerup",4295000,153,28071.8954248366,5,1973,"Hus"
"Ballerup",3550000,195,18205.1282051282,6,2023,"Hus"
"Ballerup",3550000,114,31140.350877193,4,1984,"Hus"
"Ballerup",5300000,152,34868.4210526316,5,1967,"Hus"
"Ballerup",5999995,206,29126.1893203883,7,1971,"Hus"
"Ballerup",6500000,196,33163.2653061224,6,1971,"Hus"
"Ballerup",4250000,96,44270.8333333333,4,1960,"Hus"
"Ballerup",2900000,159,18238.9937106918,5,1957,"Hus"
"Ballerup",4200000,210,20000,8,1900,"Hus"
"Ballerup",3200000,145,22068.9655172414,4,1875,"Hus"
"Ballerup",2745000,70,39214.2857142857,2,1992,"Rækkehus"
"Ballerup",3250000,122,26639.3442622951,4,1958,"Rækkehus"
"Ballerup",3700000,108,34259.2592592593,4,2006,"Rækkehus"
"Ballerup",2600000,79,32911.3924050633,3,1990,"Rækkehus"
"Ballerup",4595000,122,37663.9344262295,4,2017,"Rækkehus"
"Ballerup",2950000,114,25877.1929824561,4,2001,"Rækkehus"
"Ballerup",2325000,79,29430.3797468354,3,1969,"Rækkehus"
"Ballerup",3650000,108,33796.2962962963,4,2006,"Rækkehus"
"Ballerup",3e+06,83,36144.578313253,3,1990,"Rækkehus"
"Ballerup",3350000,87,38505.7471264368,3,1996,"Rækkehus"
"Ballerup",3800000,122,31147.5409836066,4,2007,"Rækkehus"
"Ballerup",3350000,152,22039.4736842105,6,1965,"Rækkehus"
"Ballerup",3300000,107,30841.1214953271,4,1971,"Rækkehus"
"Ballerup",3875000,118,32838.9830508475,4,2007,"Rækkehus"
"Ballerup",2650000,73,36301.3698630137,2,1991,"Rækkehus"
"Ballerup",3050000,96,31770.8333333333,3,1989,"Rækkehus"
"Ballerup",3500000,107,32710.2803738318,4,2019,"Rækkehus"
"Ballerup",3725000,153,24346.4052287582,6,1965,"Rækkehus"
"Ballerup",3525000,108,32638.8888888889,4,2006,"Rækkehus"
"Ballerup",3427000,112,30598.2142857143,4,2006,"Rækkehus"
"Ballerup",3e+06,114,26315.7894736842,4,2001,"Rækkehus"
"Ballerup",3800000,107,35514.0186915888,4,1971,"Rækkehus"
"Ballerup",3550000,107,33177.5700934579,3,1971,"Rækkehus"
"Ballerup",3715000,108,34398.1481481481,4,2006,"Rækkehus"
"Ballerup",2810000,131,21450.3816793893,5,1955,"Rækkehus"
"Ballerup",4795000,122,39303.2786885246,5,2017,"Rækkehus"
"Ballerup",3815000,108,35324.0740740741,4,2006,"Rækkehus"
"Ballerup",2675000,79,33860.7594936709,3,1990,"Rækkehus"
"Ballerup",2925000,90,32500,3,1960,"Rækkehus"
"Ballerup",4300000,127,33858.2677165354,4,2016,"Rækkehus"
"Ballerup",4295000,118,36398.3050847458,4,2017,"Rækkehus"
"Ballerup",3650000,108,33796.2962962963,4,2006,"Rækkehus"
"Ballerup",3675000,108,34027.7777777778,4,2003,"Rækkehus"
"Ballerup",846259,112,7555.88392857143,4,2006,"Rækkehus"
"Ballerup",2700000,148,18243.2432432432,5,1966,"Rækkehus"
"Ballerup",3250000,83,39156.6265060241,3,1990,"Rækkehus"
"Ballerup",3650000,86,42441.8604651163,3,1992,"Rækkehus"
"Ballerup",3395000,107,31728.9719626168,4,1971,"Rækkehus"
"Ballerup",3360000,90,37333.3333333333,4,1973,"Rækkehus"
"Ballerup",3475000,88,39488.6363636364,4,1954,"Rækkehus"
"Ballerup",2700000,75,36000,4,1960,"Rækkehus"
"Rødovre",6195000,124,49959.6774193548,4,1969,"Rækkehus"
"Rødovre",3050000,100,30500,4,1943,"Rækkehus"
"Rødovre",5800000,145,40000,5,1961,"Rækkehus"
"Rødovre",3400000,65,52307.6923076923,3,1951,"Rækkehus"
"Rødovre",3250000,113,28761.0619469027,4,1957,"Rækkehus"
"Rødovre",4350000,127,34251.968503937,4,2021,"Rækkehus"
"Rødovre",4700000,151,31125.8278145695,6,2018,"Rækkehus"
"Rødovre",3795000,84,45178.5714285714,4,1957,"Rækkehus"
"Rødovre",4400000,128,34375,4,1978,"Rækkehus"
"Rødovre",3180000,97,32783.5051546392,4,1963,"Rækkehus"
"Rødovre",4325000,118,36652.5423728814,4,1968,"Rækkehus"
"Rødovre",4699999,93,50537.623655914,4,1943,"Rækkehus"
"Rødovre",4595000,96,47864.5833333333,4,1989,"Rækkehus"
"Rødovre",3495000,100,34950,5,1955,"Rækkehus"
"Rødovre",3940000,95,41473.6842105263,3,1981,"Rækkehus"
"Rødovre",4625000,105,44047.619047619,4,1962,"Rækkehus"
"Rødovre",4525000,130,34807.6923076923,4,1955,"Rækkehus"
"Rødovre",8e+06,266,30075.1879699248,6,1935,"Rækkehus"
"Rødovre",4900000,96,51041.6666666667,4,1979,"Rækkehus"
"Rødovre",2850000,99,28787.8787878788,4,1965,"Rækkehus"
"Rødovre",4885000,151,32350.9933774834,6,2018,"Rækkehus"
"Rødovre",2900000,102,28431.3725490196,4,1981,"Rækkehus"
"Rødovre",4485000,110,40772.7272727273,4,1954,"Rækkehus"
"Rødovre",4125000,98,42091.8367346939,4,1988,"Rækkehus"
"Rødovre",4050000,127,31889.7637795276,5,1954,"Rækkehus"
"Rødovre",3745000,116,32284.4827586207,4,1972,"Rækkehus"
"Rødovre",4050000,113,35840.7079646018,5,1962,"Rækkehus"
"Rødovre",4950000,112,44196.4285714286,4,1979,"Rækkehus"
"Rødovre",3800000,92,41304.347826087,3,1983,"Rækkehus"
"Rødovre",3351000,106,31613.2075471698,4,1963,"Rækkehus"
"Rødovre",4365000,123,35487.8048780488,5,1972,"Rækkehus"
"Rødovre",4250000,126,33730.1587301587,3,1943,"Rækkehus"
"Rødovre",3500000,101,34653.4653465347,4,1963,"Rækkehus"
"Rødovre",4425000,103,42961.1650485437,4,1983,"Rækkehus"
"Rødovre",4300000,115,37391.3043478261,4,2021,"Rækkehus"
"Rødovre",3950000,126,31349.2063492063,4,1966,"Rækkehus"
"Rødovre",2600000,85,30588.2352941176,4,1959,"Rækkehus"
"Rødovre",4350000,112,38839.2857142857,4,1955,"Rækkehus"
"Rødovre",3050000,102,29901.9607843137,4,1980,"Rækkehus"
"Rødovre",4250000,89,47752.808988764,4,1983,"Rækkehus"
"Rødovre",3220000,74,43513.5135135135,3,1943,"Rækkehus"
"Rødovre",3295000,96,34322.9166666667,4,1959,"Rækkehus"
"Rødovre",4750000,128,37109.375,4,1961,"Rækkehus"
"Rødovre",3825000,103,37135.9223300971,4,1960,"Rækkehus"
"Rødovre",3600000,82,43902.4390243902,3,1955,"Rækkehus"
"Rødovre",3950000,120,32916.6666666667,4,1963,"Rækkehus"
"Rødovre",3650000,99,36868.6868686869,4,1954,"Rækkehus"
"Rødovre",2700000,100,27000,4,1960,"Rækkehus"
"Rødovre",4355000,101,43118.8118811881,4,1980,"Rækkehus"
"Rødovre",4400000,134,32835.8208955224,6,1956,"Rækkehus"
"Rødovre",3720000,111,33513.5135135135,5,1970,"Rækkehus"
"Rødovre",3550000,118,30084.7457627119,5,1972,"Rækkehus"
"Rødovre",3895000,100,38950,5,1956,"Rækkehus"
"Rødovre",3050000,81,37654.3209876543,3,1986,"Rækkehus"
"Rødovre",4245000,82,51768.2926829268,3,1955,"Rækkehus"
"Rødovre",2185000,116,18836.2068965517,5,1972,"Rækkehus"
"Rødovre",3350000,121,27685.9504132231,6,1954,"Rækkehus"
"Rødovre",4400000,126,34920.6349206349,5,1956,"Rækkehus"
"Rødovre",5475000,182,30082.4175824176,5,1998,"Rækkehus"
"Rødovre",3150000,98,32142.8571428571,4,1962,"Rækkehus"
"Rødovre",3100000,98,31632.6530612245,4,1957,"Rækkehus"
"Rødovre",4195000,131,32022.9007633588,5,1956,"Rækkehus"
"Rødovre",2675000,97,27577.3195876289,4,1965,"Rækkehus"
"Rødovre",4e+06,107,37383.1775700935,4,1985,"Rækkehus"
"Rødovre",3625000,97,37371.1340206186,4,1962,"Rækkehus"
"Rødovre",4120000,96,42916.6666666667,4,1933,"Rækkehus"
"Rødovre",4750000,103,46116.5048543689,4,1943,"Rækkehus"
"Rødovre",3125000,101,30940.5940594059,4,1981,"Rækkehus"
"Rødovre",5495000,156,35224.358974359,6,2018,"Rækkehus"
"Rødovre",3500000,71,49295.7746478873,2,2017,"Rækkehus"
"Rødovre",4150000,109,38073.3944954128,5,1928,"Rækkehus"
"Rødovre",2200000,80,27500,4,1949,"Rækkehus"
"Rødovre",3800000,110,34545.4545454545,5,1953,"Rækkehus"
"Rødovre",3e+06,100,30000,5,1956,"Rækkehus"
"Rødovre",2675000,106,25235.8490566038,4,1980,"Rækkehus"
"Rødovre",3380000,84,40238.0952380952,4,1962,"Rækkehus"
"Rødovre",3180000,119,26722.6890756303,4,1957,"Rækkehus"
"Rødovre",3400000,113,30088.4955752212,5,1962,"Rækkehus"
"Rødovre",4400000,112,39285.7142857143,4,2018,"Rækkehus"
"Rødovre",1402500,98,14311.2244897959,4,1957,"Rækkehus"
"Rødovre",3800000,100,38000,4,1955,"Rækkehus"
"Rødovre",3700000,136,27205.8823529412,4,1968,"Rækkehus"
"Rødovre",3650000,101,36138.6138613861,4,1956,"Rækkehus"
"Rødovre",5595000,139,40251.7985611511,4,2019,"Rækkehus"
"Rødovre",5812500,139,41816.5467625899,4,2019,"Rækkehus"
"Rødovre",1195000,35,34142.8571428571,1,1971,"Rækkehus"
"Rødovre",2820000,104,27115.3846153846,4,1960,"Rækkehus"
"Rødovre",2675000,102,26225.4901960784,4,1980,"Rækkehus"
"Rødovre",3300000,98,33673.4693877551,4,1944,"Rækkehus"
"Rødovre",4200000,93,45161.2903225806,4,1943,"Rækkehus"
"Rødovre",5245000,143,36678.3216783217,6,1961,"Rækkehus"
"Rødovre",4305000,124,34717.7419354839,4,2008,"Rækkehus"
"Rødovre",3750000,125,30000,5,1933,"Rækkehus"
"Rødovre",5400000,107,50467.2897196262,4,1976,"Rækkehus"
"Rødovre",5995000,126,47579.3650793651,6,1957,"Rækkehus"
"Rødovre",3300000,126,26190.4761904762,5,1956,"Rækkehus"
"Rødovre",3300000,96,34375,4,1936,"Rækkehus"
"Rødovre",4950000,119,41596.6386554622,4,1994,"Rækkehus"
"Rødovre",4500000,120,37500,4,1963,"Rækkehus"
"Rødovre",4570000,93,49139.7849462366,4,1943,"Rækkehus"
"Rødovre",2895000,80,36187.5,3,1957,"Rækkehus"
"Rødovre",3300000,131,25190.8396946565,5,1956,"Rækkehus"
"Rødovre",6e+06,124,48387.0967741935,4,1969,"Rækkehus"
"Rødovre",3900000,79,49367.0886075949,3,1954,"Rækkehus"
"Rødovre",4500000,92,48913.0434782609,4,2017,"Rækkehus"
"Rødovre",3606000,94,38361.7021276596,4,1960,"Rækkehus"
"Rødovre",2450000,85,28823.5294117647,4,1974,"Rækkehus"
"Rødovre",4300000,95,45263.1578947368,4,1981,"Rækkehus"
"Rødovre",3010000,98,30714.2857142857,2,1957,"Rækkehus"
"Rødovre",4150000,94,44148.9361702128,3,2003,"Rækkehus"
"Rødovre",570000,35,16285.7142857143,1,1971,"Rækkehus"
"Rødovre",550000,35,15714.2857142857,1,1971,"Rækkehus"
"Rødovre",1572500,96,16380.2083333333,4,1933,"Rækkehus"
"Rødovre",4030000,110,36636.3636363636,4,1954,"Rækkehus"
"Rødovre",3895000,115,33869.5652173913,5,1966,"Rækkehus"
"Rødovre",4250000,113,37610.6194690265,4,1962,"Rækkehus"
"Rødovre",4969500,92,54016.3043478261,5,1960,"Rækkehus"
"Rødovre",2660000,94,28297.8723404255,5,1958,"Rækkehus"
"Rødovre",3395000,110,30863.6363636364,4,1965,"Rækkehus"
"Rødovre",3200000,71,45070.4225352113,2,2017,"Rækkehus"
"Rødovre",4250000,123,34552.8455284553,5,1972,"Rækkehus"
"Rødovre",825000,35,23571.4285714286,2,1971,"Rækkehus"
"Rødovre",1588000,81,19604.9382716049,4,1955,"Rækkehus"
"Rødovre",4650000,103,45145.6310679612,4,1960,"Rækkehus"
"Rødovre",4025000,116,34698.275862069,4,1980,"Rækkehus"
"Rødovre",4300000,115,37391.3043478261,5,1971,"Rækkehus"
"Rødovre",3225000,96,33593.75,4,1959,"Rækkehus"
"Rødovre",4600000,84,54761.9047619048,4,1948,"Rækkehus"
"Rødovre",4500000,100,45000,5,1956,"Rækkehus"
"Rødovre",4700000,127,37007.874015748,5,1954,"Rækkehus"
"Rødovre",3495000,100,34950,4,1975,"Rækkehus"
"Rødovre",4700000,112,41964.2857142857,4,2017,"Rækkehus"
"Rødovre",4425000,128,34570.3125,5,1964,"Rækkehus"
"Rødovre",3615000,94,38457.4468085106,4,1957,"Rækkehus"
"Rødovre",2857000,83,34421.686746988,4,1959,"Rækkehus"
"Rødovre",3320000,100,33200,4,1959,"Rækkehus"
"Rødovre",4715000,112,42098.2142857143,4,2017,"Rækkehus"
"Rødovre",3995000,84,47559.5238095238,4,1962,"Rækkehus"
"Rødovre",3925000,81,48456.7901234568,4,1956,"Rækkehus"
"Rødovre",4350000,92,47282.6086956522,3,1983,"Rækkehus"
"Rødovre",3105000,97,32010.3092783505,4,1974,"Rækkehus"
"Rødovre",4390000,100,43900,3,1978,"Rækkehus"
"Rødovre",3375000,89,37921.3483146067,3,1944,"Rækkehus"
"Rødovre",5225000,170,30735.2941176471,5,1972,"Rækkehus"
"Rødovre",3800000,100,38000,4,1976,"Rækkehus"
"Rødovre",5450000,138,39492.7536231884,5,2019,"Rækkehus"
"Rødovre",4500000,120,37500,4,2017,"Rækkehus"
"Rødovre",3300000,87,37931.0344827586,3,1975,"Rækkehus"
"Rødovre",4975000,98,50765.306122449,4,1943,"Rækkehus"
"Rødovre",5675000,164,34603.6585365854,6,2018,"Rækkehus"
"Rødovre",4606000,123,37447.1544715447,5,1972,"Rækkehus"
"Rødovre",2995000,85,35235.2941176471,4,1959,"Rækkehus"
"Rødovre",4650000,131,35496.1832061069,5,1957,"Rækkehus"
"Vanløse",4200000,86,48837.2093023256,4,1973,"Rækkehus"
"Vanløse",6995000,123,56869.918699187,4,1924,"Rækkehus"
"Vanløse",4600000,93,49462.3655913979,4,1943,"Rækkehus"
"Vanløse",5625000,122,46106.5573770492,4,1967,"Rækkehus"
"Vanløse",1995000,42,47500,1,1972,"Rækkehus"
"Vanløse",7100000,124,57258.064516129,4,1968,"Rækkehus"
"Vanløse",7300000,137,53284.6715328467,4,2016,"Rækkehus"
"Vanløse",5500000,102,53921.568627451,4,1982,"Rækkehus"
"Vanløse",2800000,65,43076.9230769231,3,1946,"Rækkehus"
"Vanløse",11500000,164,70121.9512195122,6,2018,"Rækkehus"
"Vanløse",5650000,90,62777.7777777778,3,1944,"Rækkehus"
"Vanløse",7100000,100,71000,5,1943,"Rækkehus"
"Vanløse",3875000,101,38366.3366336634,3,1971,"Rækkehus"
"Vanløse",6450000,104,62019.2307692308,4,1953,"Rækkehus"
"Vanløse",2550000,145,17586.2068965517,4,1973,"Rækkehus"
"Vanløse",6207000,96,64656.25,3,1923,"Rækkehus"
"Vanløse",2337500,119,19642.8571428571,4,1918,"Rækkehus"
"Vanløse",6640000,100,66400,4,1946,"Rækkehus"
"Vanløse",8845000,110,80409.0909090909,5,1924,"Rækkehus"
"Vanløse",790000,41,19268.2926829268,1,1972,"Rækkehus"
"Vanløse",4200000,99,42424.2424242424,4,1929,"Rækkehus"
"Vanløse",4950000,62,79838.7096774193,3,1946,"Rækkehus"
"Vanløse",6100000,94,64893.6170212766,4,1946,"Rækkehus"
"Vanløse",8675000,100,86750,4,1958,"Rækkehus"
"Vanløse",5900000,90,65555.5555555556,3,1944,"Rækkehus"
"Vanløse",8100000,154,52597.4025974026,5,1924,"Rækkehus"
"Vanløse",3995000,60,66583.3333333333,2,1944,"Rækkehus"
"Vanløse",6175000,130,47500,6,1919,"Rækkehus"
