"y","x"
9.76847963661175,76.3563399105333
4.0376535506847,93.287133482052
5.06979745206254,110.965883564902
4.12969483320848,85.9659601056483
11.2780903268304,135.551481307019
-4.79504916275087,95.7028624399099
-14.1455946089054,35.349822584074
3.21626631360769,56.5144966142252
6.06487081796684,112.3243235501
5.08169986659251,36.1875467707869
1.77477119426318,46.8987177540548
5.26631927829927,111.936176396674
-3.89555462652618,40.1896198973991
0.991465486856719,56.3198711671866
-1.07829384077975,77.2025142384227
9.66462721923793,86.7311068247072
8.50173463866998,88.3482456842903
6.050392888074,125.631563366158
4.52788215221765,40.5963772716932
1.65074500569193,136.039836474927
4.80876341360051,124.81093267398
29.9967690297391,110.345170984045
4.76878303753997,109.188135955017
0.862901315539557,74.4915469998959
8.21850497898461,118.919479074655
1.86368433473736,104.321144509129
1.93304900778175,87.4051425671205
8.02240818038647,129.728673992911
0.88914675855103,126.681999277323
42.8421113423473,120.702440307476
5.63018171332375,103.754085205263
2.51080174464821,37.1706123575568
8.40024504827847,131.944174136268
-1.9404831702707,81.5480131278746
3.91842613180928,108.356269289041
5.7948345236719,131.57587907929
-0.524990679383867,32.0312236524187
5.5232464775264,76.0203376885038
14.6534183543807,24.3413757027593
-2.00919106039845,98.1909794821404
8.02077284165191,99.8101508717518
-0.0751623167992697,41.5699471330736
14.6301192214858,83.9773739869706
3.61925790506432,128.37416436011
0.117816268092885,45.5947077234741
17.1929463119294,74.99803067022
0.782739975504593,40.0347442955244
4.53854164364193,123.157492603175
-1.5422680993223,23.5828012770507
3.68832923439688,49.8333597946912
1.67457863182067,52.2459872364998
8.48663539183078,106.487350966316
-1.44067549237759,135.726609620731
-0.775874675805539,56.1837169849314
4.38475515418795,122.343777091708
2.80809896334457,49.9135214562993
2.99247901175855,92.6395586244762
1.4873832340195,48.9668444760609
-6.05519579987039,94.3169061322697
1.22581365212824,33.1775117893703
2.48355232982372,39.2332883325871
3.51940134302463,115.270558482269
5.31038264543681,120.571088824188
8.19439365893275,61.9974080095999
4.00172550400283,43.3293007076718
8.90045325087542,132.469281602651
-5.46468325792393,30.1230635500979
10.5223828863406,59.898104804568
5.54221126249178,42.2531432642136
6.86104505086408,100.325123266783
-9.40979642187395,91.0033464881126
1.83599478171097,62.8810012661852
19.041207446837,38.7400466315448
2.44922119609728,64.0959020047449
1.27600145112894,34.8153234419879
5.08197790487476,40.7820204675663
-0.054172988208963,48.5536978458986
11.5644214819862,72.747272891691
5.61114570116887,64.6049954586197
3.19118034030305,92.6651133988053
9.46197369260471,128.050788859371
2.49611313596426,133.909071841743
5.73200760088597,93.2060361229815
-3.86425611710071,38.1554568030406
-0.433678799182026,50.4170970905107
10.0795319616448,136.152967481874
1.84057698781873,105.816930348054
1.84102372038068,86.1699397158809
6.98007251194823,75.8435728815384
4.01056127949684,52.659958044067
7.65295355107412,75.5314474385232
-7.73264034225684,106.657639845042
2.57858484026305,51.3699232037179
-8.6985078260043,122.8873640073
5.89791979763758,94.0884435719345
-0.0254057588491463,83.5772560322657
4.86670981887379,98.8154759265017
11.6385417564699,71.6282487714197
10.409237663325,100.377382663544
-8.26603021053496,100.650413538795
7.45727312002992,130.873735971516
-4.76008502241008,60.7282163884956
0.10719841759964,36.8399289862718
4.90380253372413,31.5700984694995
10.6026147751032,88.4209036659449
-1.83761524084405,113.108702994185
14.3179876289202,104.411610972136
-7.28406310441864,64.6993234609254
1.03811865029139,49.698629775783
2.17270224676,54.5606231684797
-2.98938278725196,114.074030813761
-19.7290700183158,48.9808450494893
0.156019495088621,90.8966069594026
1.41513786699389,131.398546095705
1.26881570234076,34.6335332172457
3.94703004499639,56.7697439896874
2.34209837662775,74.4587208232842
6.87519609682676,24.5123550686985
0.200278228175824,60.1717116481159
2.3079944285198,50.6582473667804
6.99189233990263,90.3867656115908
9.58752857678967,136.19246373605
3.02605230551578,61.6950361938216
6.50701880798576,93.1372427865863
8.35549238573256,74.7786941456143
7.10781031218264,39.9773732370231
0.475482759688688,53.3988436236978
7.77215943106394,136.972927955911
-5.2417529101548,119.332353397738
8.32289328896889,85.4898397992365
8.18004645696243,51.3635990926996
9.02164713288819,36.3731100952718
4.35412409777506,101.553258825559
9.20704276693037,40.0801566552836
8.19324934506629,104.022079684772
1.2323903000593,75.0179037051275
8.06452673718742,95.6217193214688
-3.36395644206235,49.0277963860426
1.33137737585377,36.5738647542894
-3.91641681003382,28.0518687546719
1.28847501457576,102.088011023123
-2.26300022958474,114.131353006931
9.59437060691201,60.164238813566
2.68594570212605,62.0272012690548
-4.23861337868711,30.2816728113685
7.84384752978919,119.91251203767
7.04990361178221,120.429161356995
-0.334896791228295,104.225479283603
-3.36957648429497,86.3969436795451
3.16697696357594,94.0140000912361
-3.12606307045349,29.4484601130243
8.70758019321571,115.828714442439
5.55258977089919,96.5331865143962
3.43120079115857,61.2987579295877
2.88282310872057,72.4670139369555
-0.645745621659965,50.4164366722107
7.52265022118787,38.2851376007311
3.33651232285291,69.3250268972479
-5.19817576441843,87.6910774509888
6.67763810379343,103.956778894179
-0.373586305322694,27.7259622975253
12.0826477402634,26.2510484883096
14.0284880034769,101.188627249328
11.186576408609,123.88052393985
0.241286699191445,107.201837215805
6.32832915577908,105.951365836198
4.00956660416573,89.0252130252775
6.34628766363198,127.472371565644
1.01187380809195,58.1842335809488
6.66901710712633,46.4848277817946
1.08420484245114,106.086215622025
12.0356092670427,128.474105422618
12.8350941528234,130.813893344719
4.20008592824817,125.82652163296
4.25194369190907,30.5459059455898
6.25779316827165,128.156207819236
2.47162870701525,64.2903757684398
3.08162238041935,135.570541785099
4.1414556343472,125.143419617787
6.30118246872402,74.904202781152
20.5881687294188,118.717906905338
1.42264788753222,91.4545255813282
-0.651175991642342,99.3061857339926
-2.08564600148621,71.0031700932886
6.91346967712343,94.8466957542114
15.5473720746765,117.013266543625
4.16176496632136,122.288889704039
8.23586989732669,132.383263009368
5.22139633253685,40.2438575234264
0.970812500039544,107.719624334248
7.83041371431789,60.7815688424744
13.5254171664948,43.2097765624058
7.35364041432198,97.2762216040865
4.51893102580996,83.4564348806161
-1.1964638552585,33.3939158050343
6.1361233411983,75.7659338759258
-9.75195217636683,50.8722528310027
2.03466921406812,55.520793620497
6.14064189763523,120.677126191556
2.83132312885841,90.1936921810266
9.37869601828824,71.4174498100765
-2.75147690219129,82.781378133921
2.81655584987476,41.126984082628
-7.42971096063976,35.4132420192473
8.08437248112902,134.086553268833
2.58669802339892,56.2584072288591
11.2410343931576,125.474247309146
10.861760960528,126.412826915737
3.81899338551416,80.0881666557398
0.802117349499163,95.068218634231
3.52388811791203,109.848421689356
13.2968550901086,25.3891474760603
-1.75891721092975,114.893314777408
-1.13361231497782,117.965334882727
-1.49398894862091,137.876130187185
2.94531517790791,49.6602751764003
-2.44946116025592,91.0614317033906
2.93330448378305,79.904790061526
-0.783424879068913,46.2866453938186
-0.948502539874,45.0548108499497
-4.13984848941667,42.5346109999809
-2.63967594854677,65.7623414853588
1.01752914829014,66.9613925595768
4.86049141851347,68.594487542985
-5.1034256330834,47.452215549536
8.41805053536696,82.0500686084852
6.32603243160107,99.5646199323237
-17.1500257079452,51.6098415916786
-1.06951640040163,64.742898671655
6.45723420864952,97.9049517139792
-0.495428546870106,94.0362562013324
4.14622670870317,61.7445059558377
0.864526376284252,41.3259385160636
6.492036313317,136.464417217765
7.39831922033557,111.890648420202
9.59720879029649,118.879349632887
2.66531788027187,102.14641580428
-0.356498282720083,116.138173123589
2.98304731219319,72.3285713845398
3.19781573305865,92.9692023557145
1.88786659456328,50.7843707147986
3.7860660277341,99.8886075483169
-0.19389331178743,68.7222840667237
18.2857002549712,35.719872482121
12.4535775971194,137.814982574899
7.49264704273516,109.374850091524
10.7651464323064,107.156657990534
-7.02961003297881,56.2961365394294
2.2540943455323,91.3809543668758
27.3655792289522,116.219190852251
0.98833660184863,93.8203995844815
11.9792588196554,114.703813656932
-17.2557792758194,74.4210078190081
5.87212266651287,67.6906492323615
-12.5943053252119,95.8490039997268
7.31430283718752,113.975834846031
5.87874459323803,133.943228735123
3.25959239324346,77.0469445614144
9.51114677642892,62.6085406292696
-0.803667272481571,136.415558660636
26.3121541331169,37.3378559488337
3.81223901133373,25.0845613244455
2.64517415542922,76.8587239803746
4.93053810826985,111.201982451137
5.57652269221473,39.8395462271292
-0.0421483211396811,61.9265983423684
9.29039650475116,133.411451994441
11.5750466354678,101.362952029565
3.06737899372016,56.2400762231555
0.340355439097299,74.8523743900005
0.882457352223046,26.95704919938
4.19045118276593,79.2163894646801
4.86038378985901,134.216202712385
1.25972010694956,33.9003777068574
4.05172666119547,84.781029291451
1.9937587228172,76.1277751212474
7.09608987886215,54.539665965829
2.82690842895482,37.1772290447261
9.92187742062173,88.6183337420225
1.23811915450654,93.3415272361599
4.98624376450724,31.5080525116064
12.0367476149608,93.5815205955878
0.479955403355188,34.6955918667372
3.97650668991055,68.1479774317704
-6.82235160133955,54.2089329794981
1.73925830440149,50.5082166888751
3.41491323117916,137.77994099143
9.56296593048513,124.507821800187
6.12189583831631,32.5468081894796
2.68842809023546,37.7775150067173
7.66850505840454,74.4396643079817
12.9252128606939,111.150898285676
1.39628669568788,106.326168416534
6.92271931106693,131.900336391525
5.45924525070148,122.114183586789
-4.49607734159455,55.1744942013174
3.75912515607169,64.8856572778895
3.18841811027292,43.7482805999462
3.70621904691071,61.5190073924605
3.86910826864975,81.4051695896778
-18.4971932748775,55.2171997430269
5.87039900682768,113.259062020341
4.55090513829051,69.4467979106121
42.0436244889223,69.9154594128486
11.233704718647,94.755146542564
2.02453264422172,55.5080585386604
4.14057809255542,85.5589239178225
3.91149721415713,123.573337911628
12.8064993485206,137.685415974818
0.587880297758202,52.1726498794742
8.66567191668601,133.897903101286
8.46321870438457,118.649805850117
5.29683772315508,131.43993877992
4.81404058183732,105.088906099088
5.56661351918041,127.516057493165
11.3710390752897,135.433920691255
2.15543056903057,87.5495001540985
12.599920723524,77.1029578866437
-2.27061718958796,93.8959157729987
-0.285721876562675,40.383896780666
5.86450182721145,81.0369149637409
10.636720152352,114.313239784213
-4.70533811913103,48.9328672732227
12.0519241018053,40.1014249895234
8.53390965469534,134.109048430808
7.06417370322266,116.007259018486
4.0691696958178,112.892578086583
2.06020662176474,52.1883967793547
8.25234230446264,110.592163626105
9.97564120443998,92.8468495637644
16.2773980678888,115.897717350861
-0.825640362637269,63.0925016927067
9.21476221850881,88.5737610626966
12.4269702632879,136.68055789615
7.62453355537292,88.0083506759256
-11.9013237119249,134.395580890821
5.43110290575164,37.7221830382477
10.5860007692276,59.8553241039626
6.11355885178324,124.091046283254
-0.415205286466646,93.8329836791381
-5.31070775646814,121.93483132706
4.6460491668534,80.1866798063274
-2.36713097514567,122.60700212745
5.13618590583302,47.0745143312961
-4.37105632275429,71.6688319512177
-2.61896162631956,61.927470233757
-2.22286826292081,43.5198703322094
6.1497088289362,51.2650410127826
5.54882948535438,108.776158397784
13.6717298233098,61.9367595734075
-0.596676212916396,83.127496443456
12.4338763687653,100.799554840894
11.8168242258569,28.1112372940406
6.44469842977505,29.7486239387654
15.3743415962156,103.863098457921
1.2893078422063,32.0416255686432
2.08834172272244,51.0846824753098
-2.44242972230753,29.4484928594902
7.98459516034745,62.432205944322
-4.37220962271502,42.8854920594022
6.71680857976079,136.470861604437
2.21660777015944,114.265454523964
4.13930373153744,81.359980029054
0.640726541354315,80.5429206294939
5.38916975343905,59.2662401911803
18.0308356816017,114.553937875433
0.948630466419965,73.0161954108626
16.0538214001534,84.5829898579977
8.39349818992753,137.104636035627
8.66682012812901,124.370270390762
-5.78865964339513,82.8021020146552
7.70810947235843,120.514328809921
6.99817336214792,79.8470321234781
8.71470990783865,119.056036737282
5.35226203376532,95.2528928506654
5.68467480335518,123.924338925397
0.0229678844161976,127.088073608
4.90909470972981,82.0896777750459
1.13016719315025,93.6118880829308
11.0019397077636,124.245953560574
1.98335445499419,92.6762991149444
0.710755542779685,56.8881761487573
3.53837164427192,38.4203045426402
3.86331169929731,75.1534119010903
5.50151904035933,85.2231482167263
-0.143941496372146,55.2793257597368
5.40334743554868,61.1311599642504
5.40798791587348,137.022961396258
0.787916582989186,38.593654854456
1.67534219170011,38.2857280545868
11.40033109757,126.677189509617
-2.68080393027969,28.832134996308
1.02886710165126,34.2981309276074
4.86788718123175,130.503426779294
-1.96926436804351,54.0774308838882
6.69020169667132,101.169838087633
4.72645992399899,73.442520766519
6.33036765945237,106.745417027967
-1.89783839772462,65.8372818394564
8.59559329009457,120.614084746456
3.63980221033481,66.4895627363585
3.92588301191888,89.9754076667596
9.87161663254099,112.423523439327
-1.43348445114765,84.2459452648181
1.04572456883647,126.438282540301
23.2261009028837,56.7124392273836
1.12842802688689,100.245851409389
3.68485827576807,29.8647652375512
4.16343376904321,93.2106377913151
-0.68158720977773,64.0372817609459
6.51652289587028,69.0325423988979
1.55922632167885,74.1580639262684
3.88466319205531,57.7098953195382
13.4938687180305,74.9221844465937
0.710019477099274,73.4686764907092
7.28851784407933,124.181434615282
13.710855067356,91.5932608437724
4.09892169315432,32.3889353086706
-6.35000479817046,43.9312956442591
14.4623145424045,134.290995319141
2.23301864898937,49.1685348057654
-0.384141757414942,69.721851649927
4.25520471406588,89.0000598302577
0.23835169823505,42.9956042866688
3.85399954673943,32.7364749968983
0.430971940763039,46.1244270596653
1.08882545773382,49.171448759269
1.81481317442593,32.1841629287228
9.53920023290924,71.283917112276
1.05759233075328,120.019672879251
10.176296793073,82.6152665582485
11.7784732420963,45.7252826362383
11.1417790358934,106.486438938417
8.67003229848262,86.7965518550482
5.14423620747067,33.1031931093894
-2.25303522644458,96.273453542497
5.354247405008,47.4124586356338
8.11112750969016,111.072039574618
4.06655486803603,58.169125063112
23.9578113645895,73.4824499809183
-6.75106553460974,115.697835761355
0.320505164127504,100.981250066077
5.91454585835274,116.385297447676
7.12119202279218,77.4643917691428
7.53314818972291,133.399579111254
11.9212994082667,56.1639686704148
-2.45043901655516,43.9894144895952
1.21573116925716,42.625644889893
3.8740410652345,64.602644380182
1.21141668697052,66.6059802782256
-2.87497584474897,89.3586372730788
5.37842784357947,126.307727575302
9.11450899047584,110.26532629109
1.79566703426304,106.099060322857
5.139890426389,74.6409984428901
-5.7645113165421,101.8842171547
-9.6485661353454,106.986551587004
8.64098738979113,70.7105339651462
5.98379887891005,53.6696547276806
-1.29010705379936,37.6403607586399
8.04198329620535,111.913431579713
5.55747773282167,27.7559785167687
7.80688436614325,70.8548774146475
1.8645245925518,40.9645904223435
-2.2414795053457,123.999333687359
8.61055689048654,135.312376814662
7.49572238706704,53.4781717096921
4.88887526300817,86.2382562337443
3.1695717350308,101.193288145121
5.46934212634739,57.9019818042871
5.31677807813781,57.8108106898144
3.69958314971951,50.3747325350996
-2.92125649458057,36.3879577124026
26.8480597453649,133.718008717522
-3.4556595175481,25.0747692743316
13.4546871016802,124.767762228847
-3.69472887544525,40.3112217430025
3.50049536560857,105.157266234281
-4.65441380973146,38.8111017767806
2.15928716598691,118.065672008786
8.86760682482122,70.509784232825
29.9402547891033,40.5847986515146
-0.197177020541902,73.3576899890322
0.505082828513888,106.995579490438
-1.70426019993502,89.2010289076716
6.21099586235591,135.400494582253
15.3120554066103,83.5788810388185
2.95336456422761,70.9933651105966
1.80968904878134,123.817197549623
3.95683333799327,129.373679249082
20.2479272814181,130.834098985186
14.4599684189734,113.410880901618
2.02487233134114,94.3043559086509
-0.391531645048615,129.931538375793
10.0671466016851,26.1130008748733
6.61185515712105,50.8363882750273
-3.50837303045202,55.1753163973335
3.88299894302185,47.9252686393447
13.0132353320734,131.864347436465
2.99153933921981,39.8321304779965
-1.13899672334843,72.0483367419802
4.83735612665569,104.54454574571
3.97551672601675,118.517308294075
1.57939659067866,50.7242125652265
5.61720545745293,40.126739078667
-4.57862254560905,74.6670599707868
0.270219920550395,130.264093570411
7.87663387859345,111.98978064768
9.8056912524322,115.061968287453
4.18148039827301,70.0638498489279
-2.85868917773368,67.7275411651935
10.1523818463622,103.970428279834
12.3741803681362,131.70878300746
-2.53122922844401,31.3769646333531
5.52792415838282,43.2521694463212
8.27774863805648,124.93876047153
-11.2712503319949,27.7426828357857
4.17947213979416,114.279832926812
5.05527813548202,125.730382212903
11.688851959629,123.462864268338
6.29776677274175,28.4791384830605
6.56926462172784,94.0471350967418
0.183756278029541,82.9283840076532
2.63959343339282,39.5617846790701
10.2182258077738,134.106884914916
-0.0265547829403063,30.9249220562633
4.43405981389027,100.427662010305
8.98895995119823,112.154716992052
4.06490793564361,113.720291493926
28.5206702869841,25.4756361136679
-4.23412947745548,36.9437200478278
-6.7682765972723,54.3897622842342
1.24763694552514,27.5864184945822
5.07907169681287,100.876919558039
-1.99919574519062,91.5129072016571
2.96897467945842,59.4505106059369
2.60180534564588,115.482188448776
6.86718007667174,44.7550873209257
-5.25015314919967,28.4125150619075
9.2245562261617,63.5548546940554
12.4163660918116,118.571945705451
3.58666025601129,91.9806001260877
10.0592268424411,106.869985146448
8.81511685877133,88.2538955386262
13.5511502587314,131.452939019771
-21.9133943718878,122.210630363086
5.85313914081003,133.090919277864
3.02957354236656,53.4104878439102
8.59959208592211,122.721021224977
6.19351290852149,64.4575514034368
3.0023532932346,112.376425533555
-4.36246545512605,25.4462091433816
11.6543940751291,115.092187117087
6.6436288284096,80.0644084922969
2.01527538950607,66.033092826372
4.11162507544176,40.062534611905
19.2613270376898,94.2839443644043
7.40967325502347,117.534050619695
5.6104433414242,40.5971730402671
6.75539650872191,136.805618603947
-3.94581366400314,50.9885531496257
-3.94120075776583,47.9500083667226
9.51844288113394,58.8808870636858
5.53774257343934,104.693037205841
1.07446444617572,43.2250870480202
4.55671844466553,100.326961674262
2.80450333128655,77.7194370429497
5.45962165934034,52.0042389021255
1.43726871591186,65.8075514221564
-2.50909358791417,36.859057527734
9.06230261767833,127.600832524011
5.15416605307872,66.3060649828985
8.75845398602085,114.703569999663
8.61321314821807,74.8759174388833
7.94377533959424,73.5904021998867
5.58103684645896,79.1648683762178
2.79888421717188,40.6109394081868
-3.847050765421,112.756494082976
11.8940662956397,125.367491099285
3.90332143182034,79.2245840067044
-0.481935289086337,53.5205199320335
4.35145335998454,133.575513635995
6.12722195573271,113.462111823726
-0.452064591976055,49.873775520362
1.50739013288317,130.642670749919
7.49652519613849,134.098654627567
2.83611208134804,118.536059354199
7.4622143232327,60.2573642199859
1.51061498681168,130.116279423935
-0.0509194758647498,61.2293464802206
-21.5092778858687,63.0225481193047
0.207941403747035,48.0518299278338
4.74705502684615,52.0937028895132
4.18253014067302,31.6377697507851
13.3315287193495,132.173477287404
7.59642161765884,74.3537824840751
3.29165476746992,35.672272749478
0.378451545455283,55.8070645907428
9.80234625219819,54.0729699744843
-0.896115635262827,54.277581192553
5.64182493812724,43.3999244456645
-0.379042861221375,83.3565540362615
0.346151662209722,88.5192771018483
8.38352192048324,61.3423024555668
21.7043406613007,115.522314945236
13.5727235869173,118.000248211436
0.899658933160278,130.221171869896
11.1243281733427,106.543477926869
1.41423831105777,44.2952925066929
2.68790136678667,111.55909631704
5.26447608286971,41.9934546058066
-0.58752074053958,115.148713166825
-6.34088946141935,26.3746665844228
8.39945991241551,115.116062905407
8.96238900668866,137.531889779028
9.5105696403295,91.8774446619209
0.612771741281282,53.3658196027391
6.40183599605635,114.630537026795
4.32433447378648,106.577231179224
7.62000019961268,120.16325261048
5.94843362141645,58.3487250499893
-0.830515569943713,85.9541696642991
3.9796580915842,123.206945469836
3.78493088633346,122.029894478153
15.3858176601186,113.658762196545
-1.9417893873592,69.5572984900791
6.20050541559741,83.2334822143894
6.87387373799768,134.900069168769
10.5405571604941,111.798838040093
0.589704317888263,52.2568642040715
11.934369100744,90.9494607192464
15.7894151835588,67.2412001057528
-1.24694764843154,31.2479010918178
4.98694402229142,26.9191467047203
-0.263579314801482,32.7785044030752
3.6643398606232,50.8735140385106
7.78402908293286,93.7327750220429
-6.96705164615065,26.1025854370091
5.29873089947203,52.0061574755237
5.91877313196658,109.405563518638
-8.24597627167924,79.4334220357705
5.53685400459845,59.5843879315071
3.79925036128689,43.0613022386096
3.41820880266248,127.73657224793
3.24282333639589,37.5893783669453
-25.8119660816473,28.9793148306198
5.36339889159543,134.53425098164
3.13504952160893,46.1453079252969
2.55916632232877,79.6462376492564
9.75402347285245,100.3703048483
1.96199970479744,127.77848815266
4.69265574045671,47.1246468946338
6.7753283489231,29.9990393763874
0.197947102554128,70.4661072215531
6.74412429762154,93.0704213068821
8.4260565998835,82.4313967856579
0.563041837106088,77.6724201331381
2.77895258813798,26.0807858228218
7.35393808551955,52.9908839212731
7.7108034553209,133.435729254968
-6.56857605683252,40.4032909621019
11.2404399926996,136.810003872495
2.72128756058947,69.911273568403
5.65552183268799,122.858692481648
4.73553127363349,131.480153582059
-1.72976523789954,29.7387543199584
5.58619195796136,26.4880870080087
7.23301583288025,87.9733326549176
13.656783502105,125.267948028166
0.804004683816251,27.9576157773845
-2.43857369312558,51.9482509065419
0.632003457313627,35.1073504537344
9.97167247273817,133.023106380831
3.02088838168237,101.552323958138
3.84010079118178,69.4799333177507
7.43920114959511,80.8213429439347
3.65544539794831,41.170714644948
-3.2657628325053,115.046662273351
1.93802320941333,93.4986340960022
7.58955410678099,63.6081582559273
3.83231347431246,57.8328468122054
-2.32507035427581,23.8222813764587
6.01246944278959,126.370455773547
-0.395379242521843,67.6943062334321
-2.97672394586806,42.5269872585777
6.44824546767315,61.6184199061245
8.62388809771372,116.41541511938
3.31933323698756,63.5354378873017
2.8350611366336,90.5007966242265
-2.16235888923679,82.7535061789677
1.06190764347186,29.6970692202449
11.3347460276076,80.7250963950064
6.27467579350321,121.555701929145
7.56483939607565,79.6445392509922
10.0298812265561,112.309226144105
4.31476216211536,95.4645260570105
5.1532957949177,130.834664912662
-0.0493953410592169,129.023027281044
4.38849788605005,60.0129703299608
5.33822862001751,88.0139822915662
4.86860034659213,125.332203502301
-1.13829780720423,73.0828844856005
8.50625213205109,76.4785690263379
5.18063310501961,31.7594117596745
3.36183848757035,79.2682936305646
-1.91412306857158,87.7355302295182
3.52822621886847,97.2540471593384
7.28895569939729,44.8386504112277
-5.52725650023348,101.098183813272
8.9060982829793,121.321740747197
7.22847281623891,78.944310700288
10.5331720915411,57.0341398387682
6.17255716094096,39.6739006526768
11.0768239032302,83.7185268297326
9.65202671019548,100.99848271301
-3.41729805801441,23.7085869589355
9.19380778269051,106.417888589902
1.85940146252845,42.3185129750054
0.828805499925049,135.72245288128
7.25253299289373,77.3317406019196
3.20613753295818,28.2138751070015
-3.96833300115231,46.9325521630235
6.14298598313756,131.072786555858
3.76238949836431,126.190207899315
4.92818599364479,135.129248322453
5.85199526467266,136.093983626459
2.83113872941975,68.1958979084156
1.62172953207643,118.134466951713
0.633745339705834,103.872439045925
1.0810743934046,79.7219456844032
1.78617120177434,99.6259208880365
7.37027972306113,118.873339304235
0.134417312817559,88.502736227354
-1.40757022928884,70.3506732250098
8.05835838476161,80.3104544321541
-1.17673593477969,77.0328991389833
4.07426503452535,42.3781085440423
3.78998621797675,99.4717073109932
10.3583163185394,71.5204866051208
2.11062321787194,27.7980848758016
1.56097393002717,112.379929110873
7.35438546904698,87.3547206406947
-1.24706695931974,69.8508272874169
0.0444569603627869,112.783164459514
6.58508167134842,83.7101125945337
3.31642942556341,33.5203298013657
-6.21900412332871,92.2726747447159
9.23837470241968,127.562829192728
6.17714230069119,33.0471412809566
-0.156689830653341,84.6876822372433
0.806791953085406,76.9512646361254
3.38207014236981,35.8433022927493
2.60624178702804,24.8345549632795
12.520564552271,101.983605061658
5.17737069016822,64.721122325398
8.61545320797955,131.301603731234
7.43618979091486,36.1514896452427
5.09993476304354,61.6325985903386
6.96283818553197,113.638632785995
35.4857162340274,125.995165128959
19.0019084109095,109.458429273916
5.54833040872006,90.8928512101993
3.31484720462266,114.487395932199
-5.64718340512171,67.1809201275464
0.321318303513698,129.297785177594
0.725407153269245,63.425693448633
3.66171812596489,36.1876563362312
-0.606615956510419,84.78456690046
3.54764189783803,80.7865516312886
4.83581065469116,79.4000416325871
14.8603609964316,43.8551265078131
13.729125663648,98.4901553445961
9.81427288280184,47.7096643282566
4.12480413431074,102.260060499655
-1.21477412149489,108.074808648787
8.61359847976137,39.5251514245756
9.08634324846685,126.146655180026
11.4614959160487,69.8637250305619
4.85368051255277,102.831884026062
3.71798532458237,39.3645917270333
4.59978328501041,54.6990846511908
4.7161151567439,94.8595650617499
-5.29079489589815,59.0957846615929
0.188196245545781,94.4541020966135
7.44668382480569,61.8688754267059
9.08407438085859,68.0882024934981
4.12225615999079,136.196888578823
9.08376787984365,116.260613766033
4.38856224117979,89.1994971870445
6.04963507896423,116.327208323171
3.0798234818475,67.1858042508829
5.30221535865443,109.827510594158
3.90918917310907,126.339217546163
2.95600885894237,64.3065361895133
-10.1050025121867,41.990562929539
-5.10648136489466,59.4889229333494
-10.7791528392173,81.2024419493973
2.33611325660164,33.7685996359214
1.48183692631646,60.2521031508222
7.26563814447784,88.0490137271117
5.96630418303443,56.7698357761838
23.3329623069722,68.1939917588606
9.74123637664935,32.3760957487393
-4.71482262562356,61.2660588831641
-0.192851787544277,24.1039846297354
6.79731511869491,111.37727963808
5.54467438308936,77.0135499404278
4.79213865783483,117.43863759283
-0.0792179966366273,131.22803192772
11.0267578962775,115.206518417224
1.12422333439369,87.986498876242
10.3860186639306,133.395342607517
6.65465924056922,48.5693186330609
-0.158114785220853,40.573329275474
3.15421004714968,70.160631212173
-6.11012811666931,49.2953335396014
6.29310071614589,120.343266948592
-0.4655733724937,57.9002945714165
2.52821856350803,116.551287382143
6.17829079527478,46.4076061530504
-0.996496711902725,32.6720070857555
-3.23926618012488,75.1750473009888
3.67802606554261,52.6531819086522
1.42551042981851,85.8500478179194
-4.59034864655058,94.2943244585767
-8.12895731180504,64.2140348937828
5.81302063916709,136.896479416871
5.12232573356004,92.4842277315911
5.06871349322391,87.1886206320487
7.26834493021327,103.414202299435
6.68841343109723,133.807390289847
13.2227264553756,125.785928385565
2.25033351276712,42.3488308205269
5.3804332549967,53.9244924644008
-4.64670939659811,53.4481453425251
10.0605233318879,86.2489361066837
8.41409360754812,94.2439206591807
3.92529149730901,120.039797470206
-4.00657803249035,70.2731463552918
-6.44222412127005,41.7496727507096
-6.47165221077367,65.5182940706145
0.980861384294198,64.6214618971571
5.93908925357914,95.8179733629804
7.3014401195716,111.335219172295
14.3736179113902,104.233709383523
-0.656463920120603,99.5066898544319
5.61077660612708,62.1132611501962
3.10083465219561,135.659008946503
3.82827146783907,127.681647213874
3.88042716967894,34.9694111205172
16.3529762161031,135.116060118424
6.60773390515658,39.7681043897755
1.6227431534229,109.081668304978
4.8450479191267,93.0823718926404
3.74216593443216,56.4198454313446
6.48807033132785,24.6266149852891
4.03949917627362,112.245910437312
7.10490615054386,86.0283042893279
2.34192217024417,33.1188017940149
-2.27871788537879,126.850709872786
0.156398217360484,124.547875574324
-1.79904635327835,57.3017231533304
-2.15421959860641,53.8613942284137
9.31133665435478,37.366102948552
5.60544290116216,34.0129352356307
7.236196724883,88.751779981656
9.47219419876969,136.571636162233
-10.8558513846863,58.1495623029768
2.76556510841039,95.6790900318883
-1.55232431792888,42.2588578839786
1.62961456500738,80.892091589747
19.1116760953466,27.1395567671861
1.43677069363703,52.1033619188238
1.51997436754843,62.9675510055386
4.36175853971265,32.5224774314556
-0.91331239819151,72.0952237637248
0.869142437695555,26.8703974452801
0.957913879743806,119.623572645476
7.67987426292792,99.4536976383533
-4.24869233763864,126.006222215481
2.4074452588196,74.0802968265489
3.51711552170643,115.02482313849
4.19007011412295,114.554631575709
4.6326532950222,119.143455851125
2.07501626688152,52.960715349298
7.33269667679576,79.0396502818912
8.87323117226128,53.301870360272
1.63746034633938,99.4373555721249
8.89460223921684,137.066526673269
4.1250221992654,96.5776238702238
6.53469697471286,105.507154135965
9.09635640735588,123.566500513814
6.13189489394986,75.8651901811827
-1.48291892998162,112.360899853054
0.115893422022383,44.2430072179995
2.91969035539187,64.5267408837099
0.586291862788172,127.13019284606
7.6578986399933,109.266223129351
7.17821276696765,45.8973524086177
4.78962333216575,119.422572936863
5.73889027783276,97.9945725791622
3.3342534402306,34.8063949560747
1.47141611232053,27.5679238101002
7.29903206459025,121.100288875867
5.82883132053522,102.592128861696
-1.53491939811148,27.2853206314612
6.76121445748353,123.172466707882
9.56263440733719,125.666291568894
-4.8980246539456,100.222327290801
9.5711748288595,117.076060502557
-1.42656360877007,81.7272694241256
1.70516319005654,102.202732496196
6.12121654449317,108.493081560126
-1.00541801660658,66.2064314105082
4.59635846764804,80.9811275436077
8.23602667532199,134.812494890764
6.61168809350662,103.064944559708
-1.45355407596859,88.1812862884253
1.33566140484177,85.0331531413831
2.01607737743478,93.5901853961404
0.163228998157181,47.3073597503826
-0.446876621215619,99.1951943323947
5.63500768743185,71.7792067392729
6.87241047104229,23.9729102731217
6.42424917430077,74.8076354346704
-1.44340704245239,43.5314296204597
3.22861135990367,77.4636650814209
1.61048256852485,112.374266114319
5.48435712124287,46.1368112750351
7.65999889822458,137.582560209092
-0.795998890858656,24.1414179368876
10.9019744791611,123.437689920655
3.40814705178989,73.6400036171544
-5.32065426467613,38.4472709761467
12.0016937769312,112.027038441272
5.93534792106141,105.118091982557
-7.05788056032951,118.421309606172
8.0136593462993,65.2940716822632
1.67080466949785,54.7977100179996
-14.6429838040342,33.5136369646061
10.618379063996,107.238461205969
5.55052175934458,53.4061890603043
9.02235240733922,38.3119146509562
17.6913645199185,120.649960387498
4.95676190080889,70.7775680960622
-0.49944747645781,61.4786081069615
0.368363924628285,47.7510758624412
3.36265957688138,59.4393317443319
-7.81862141803973,34.1136838211678
18.6886070363218,34.6432114713825
11.7865917942954,62.7269231732935
1.74626516470254,98.9575797640719
2.49486595891521,90.059415980475
-0.408627533572025,108.009180339985
2.68507353836814,118.880390156526
7.85144970379321,126.810522006825
12.0191484785583,96.6152909277007
6.9626122595683,118.593769256957
-2.29106291562142,24.8515730847139
7.68955369530985,50.8823148319498
5.08926888749475,34.1738674878143
0.0910010019037295,72.6648938150611
4.83911242338858,74.7725620151032
0.468085588618246,43.9335325518623
2.15802119934772,93.7125787530094
2.78093109497585,95.7731323929038
-5.99769765827319,124.033688210882
14.8610538614868,28.6572182360105
4.20574873325164,37.0895004058257
1.95842324557648,50.3384695325512
3.50444675070453,84.1071910720784
5.05525472274312,99.3326480647083
18.7592349701514,55.9484642588068
6.1808025343474,55.8101119934581
2.28454947649488,51.7892709381413
4.43508562610067,137.749116552994
10.2740835485546,58.5708068958484
-4.26631702242123,41.3577004726976
7.92077316802657,106.855036023306
11.6137339886792,134.260326714255
-1.05705457038745,25.9966501914896
3.35061241146858,46.8516823691316
5.916937492201,100.352889351314
1.8110827717684,74.8177278526127
4.47454110420556,85.4995804671198
-1.52347965085702,114.372930700891
5.82748415159262,106.423440441256
3.88913728405889,103.460658904631
1.40857970678843,39.3972247717902
4.26991706928511,90.2150992660318
4.89151967978632,63.6929717632011
17.2475768113276,112.922212915262
6.65473317040189,27.4714576215483
1.94645336184031,50.1143114857841
5.34863347343155,116.39956454467
-1.17975365444291,24.29565957468
8.21327094068699,136.945311707212
10.2378312634859,111.063860455295
-0.199500329627743,61.0405750195496
2.55629276105005,56.076200617943
5.10175449474397,83.849392497912
3.14579391783721,36.3170020650141
-0.324369654485815,90.9894423601218
2.77043398740331,48.487407699693
7.46490975073323,96.4199885954149
-0.683264246455774,66.7155324686319
18.5394320997492,133.250258627348
2.50549922028477,55.4111913330853
1.18672030753575,68.3319909621496
9.65149635210991,106.287364577409
3.44573664743221,78.5156645493116
5.58543920897404,103.696958232438
4.5632786084604,79.6610016464256
5.78083445264666,74.2717366823927
8.44891219339012,70.4175244790968
4.73328987255354,75.7632630709559
0.716322564440675,111.168153798906
-9.43061554690988,48.2699601347558
3.43713903472233,99.3056813366711
-2.54075242489939,34.1582664342131
4.99977187550241,33.0184680952225
3.89919210230591,113.656901699258
3.89505672204795,79.7186432715971
2.78834559746778,53.2693367330357
8.74124863546515,127.912469045958
-0.907927105751473,29.9690874719527
4.6064951733024,86.1871435791254
6.53989478224676,27.8734420980327
3.50893213706492,87.4926346442662
-0.564832861169204,38.8210567291826
0.868913229241516,116.924126432976
